,,,,,,
Nome do Empreendimento,Unidade,Torre,Área Privativa,Descrição,Valor Total,DATA ENTREGA
VISTA PARQUE CLUBE 2,104,A,45 m²,PNE,"R$ 354.350,00",outubro 2026
VISTA PARQUE CLUBE 2,205,A,45 m²,COM VAGA,"R$ 364.850,00",outubro 2026
VISTA PARQUE CLUBE 2,3,B,63 m²,GARDEN,"R$ 448.350,00",outubro 2026
VISTA PARQUE CLUBE 2,103,B,45 m²,PNE,"R$ 354.350,00",outubro 2026
VISTA PARQUE CLUBE 2,104,B,45 m²,PNE,"R$ 354.350,00",outubro 2026
VISTA PARQUE CLUBE 2,203,B,45 m²,COM VAGA,"R$ 364.850,00",outubro 2026
VILLA SÃO FRANCISCO 4,5,,"42,45 m²",PNE,"R$ 356.000,00",maio 2027
VILLA SÃO FRANCISCO 4,7,,"42,45 m²",PNE GARDEN,"R$ 429.000,00",maio 2027
VILLA SÃO FRANCISCO 4,8,,"42,45 m²",PNE,"R$ 356.000,00",maio 2027
VILLA SÃO FRANCISCO 4,9,,"42,45 m²",PNE GARDEN,"R$ 429.000,00",maio 2027
VILLA SÃO FRANCISCO 4,10,,"43,2 m²",PNE,"R$ 356.000,00",maio 2027
VILLA SÃO FRANCISCO 4,108,,"42,45 m²",COM VAGA,"R$ 352.000,00",maio 2027
VILLA SÃO FRANCISCO 4,109,,"42,45 m²",COM VAGA,"R$ 352.000,00",maio 2027
VILLA SÃO FRANCISCO 4,111,,"43,2 m²",COM VAGA,"R$ 352.000,00",maio 2027
VISTA PARQUE CHACARA DO JOQUEY,5,,"74,55 m²",COM VAGA,"R$ 593.235,00",agosto 2028
VISTA PARQUE CHACARA DO JOQUEY,6,,"118,06 m²",COM VAGA,"R$ 890.575,00",agosto 2028
VISTA PARQUE CHACARA DO JOQUEY,7,,"47,71 m²",COM VAGA,"R$ 502.020,00",agosto 2028
VISTA PARQUE CHACARA DO JOQUEY,8,,"42,05 m²",COM VAGA,"R$ 431.525,00",agosto 2028
VISTA PARQUE CHACARA DO JOQUEY,9,,"42,05 m²",COM VAGA,"R$ 431.525,00",agosto 2028
VISTA PARQUE CHACARA DO JOQUEY,12,,"42,05 m²",COM VAGA,"R$ 451.525,00",agosto 2028
VISTA PARQUE CHACARA DO JOQUEY,13,,"42,05 m²",COM VAGA,"R$ 451.525,00",agosto 2028
VISTA PARQUE CHACARA DO JOQUEY,14,,"24,04 m²",SEM VAGA,"R$ 340.000,00",agosto 2028
VISTA PARQUE CHACARA DO JOQUEY,16,,"38,27 m²",COM VAGA,"R$ 411.835,00",agosto 2028
VISTA PARQUE CHACARA DO JOQUEY,17,,"24,04 m²",SEM VAGA,"R$ 340.000,00",agosto 2028
VISTA PARQUE CHACARA DO JOQUEY,18,,"42,05 m²",COM VAGA,"R$ 451.525,00",agosto 2028
VISTA PARQUE CHACARA DO JOQUEY,19,,"42,05 m²",COM VAGA,"R$ 451.525,00",agosto 2028
VISTA PARQUE CHACARA DO JOQUEY,23,,"42,05 m²",COM VAGA,"R$ 452.525,00",agosto 2028
VISTA PARQUE CHACARA DO JOQUEY,24,,"24,04 m²",SEM VAGA,"R$ 341.000,00",agosto 2028
VISTA PARQUE CHACARA DO JOQUEY,27,,"24,04 m²",SEM VAGA,"R$ 341.000,00",agosto 2028
VISTA PARQUE CHACARA DO JOQUEY,28,,"42,05 m²",COM VAGA,"R$ 452.525,00",agosto 2028
VISTA PARQUE CHACARA DO JOQUEY,29,,"42,05 m²",COM VAGA,"R$ 452.525,00",agosto 2028
VISTA PARQUE CHACARA DO JOQUEY,34,,"24,04 m²",SEM VAGA,"R$ 342.000,00",agosto 2028
VISTA PARQUE CHACARA DO JOQUEY,37,,"24,04 m²",SEM VAGA,"R$ 342.000,00",agosto 2028
VISTA PARQUE CHACARA DO JOQUEY,38,,"42,05 m²",COM VAGA,"R$ 453.525,00",agosto 2028
VISTA PARQUE CHACARA DO JOQUEY,42,,"42,05 m²",COM VAGA,"R$ 454.525,00",agosto 2028
VISTA PARQUE CHACARA DO JOQUEY,44,,"24,04 m²",SEM VAGA,"R$ 343.000,00",agosto 2028
VISTA PARQUE CHACARA DO JOQUEY,48,,"42,05 m²",COM VAGA,"R$ 454.525,00",agosto 2028
VISTA PARQUE CHACARA DO JOQUEY,49,,"42,05 m²",COM VAGA,"R$ 454.525,00",agosto 2028
VISTA PARQUE CHACARA DO JOQUEY,54,,"24,04 m²",SEM VAGA,"R$ 344.000,00",agosto 2028
VISTA PARQUE CHACARA DO JOQUEY,58,,"42,05 m²",COM VAGA,"R$ 455.525,00",agosto 2028
VISTA PARQUE CHACARA DO JOQUEY,59,,"42,05 m²",COM VAGA,"R$ 455.525,00",agosto 2028
VISTA PARQUE CHACARA DO JOQUEY,68,,"42,05 m²",COM VAGA,"R$ 456.525,00",agosto 2028
VISTA PARQUE CHACARA DO JOQUEY,69,,"42,05 m²",COM VAGA,"R$ 456.525,00",agosto 2028
VISTA PARQUE CHACARA DO JOQUEY,73,,"42,05 m²",COM VAGA,"R$ 457.525,00",agosto 2028
VISTA PARQUE CHACARA DO JOQUEY,78,,"42,05 m²",COM VAGA,"R$ 457.525,00",agosto 2028
VISTA PARQUE CHACARA DO JOQUEY,81,,"37,24 m²",COM VAGA,"R$ 408.020,00",agosto 2028
VISTA PARQUE CHACARA DO JOQUEY,91,,"37,24 m²",COM VAGA,"R$ 409.020,00",agosto 2028
VISTA PARQUE CHACARA DO JOQUEY,95,,"38,27 m²",COM VAGA,"R$ 419.835,00",agosto 2028
VISTA PARQUE CHACARA DO JOQUEY,97,,"24,04 m²",COM VAGA,"R$ 369.000,00",agosto 2028
VISTA PARQUE CHACARA DO JOQUEY,98,,"42,05 m²",COM VAGA,"R$ 459.525,00",agosto 2028
VISTA PARQUE CHACARA DO JOQUEY,101,,"37,24 m²",COM VAGA,"R$ 410.020,00",agosto 2028
VISTA PARQUE CHACARA DO JOQUEY,104,,"24,04 m²",COM VAGA,"R$ 369.000,00",agosto 2028
VILLA SÃO FRANCISCO 3,9,,43 m²,PNE,"R$ 351.500,00",abril 2026
VILLA SÃO FRANCISCO 3,1005,,43 m²,COM VAGA,"R$ 351.500,00",abril 2026
VILLA SÃO FRANCISCO 3,1103,,43 m²,COM VAGA,"R$ 351.500,00",abril 2026
VILLA SÃO FRANCISCO 3,1105,,43 m²,COM VAGA,"R$ 351.500,00",abril 2026
VILLA SÃO FRANCISCO 3,1107,,43 m²,COM VAGA,"R$ 351.500,00",abril 2026
VILLA SÃO FRANCISCO 3,1205,,43 m²,COM VAGA,"R$ 351.500,00",abril 2026
VILLA SÃO FRANCISCO 3,1206,,43 m²,COM VAGA,"R$ 351.500,00",abril 2026
VILLA SÃO FRANCISCO 3,1207,,43 m²,COM VAGA,"R$ 351.500,00",abril 2026
VILLA SÃO FRANCISCO 3,1208,,43 m²,COM VAGA,"R$ 351.500,00",abril 2026
VILLA SÃO FRANCISCO 3,1306,,43 m²,COM VAGA,"R$ 351.500,00",abril 2026
VILLA SÃO FRANCISCO 3,1307,,43 m²,COM VAGA,"R$ 351.500,00",abril 2026
VILLA SÃO FRANCISCO 3,1309,,43 m²,COM VAGA,"R$ 351.500,00",abril 2026
VISTA PLAZA,41,A,"40,77 m²",COM VAGA,"R$ 379.891,50",janeiro 2030
VISTA PLAZA,42,A,"40,77 m²",COM VAGA,"R$ 379.891,50",janeiro 2030
VISTA PLAZA,43,A,"40,12 m²",PNE,"R$ 364.074,00",janeiro 2030
VISTA PLAZA,44,A,"40,12 m²",PNE,"R$ 364.074,00",janeiro 2030
VISTA PLAZA,45,A,"45,59 m²",COM VAGA,"R$ 423.030,50",janeiro 2030
VISTA PLAZA,46,A,"40,12 m²",PNE,"R$ 364.074,00",janeiro 2030
VISTA PLAZA,47,A,"40,12 m²",PNE,"R$ 364.074,00",janeiro 2030
VISTA PLAZA,48,A,"40,77 m²",COM VAGA,"R$ 379.891,50",janeiro 2030
VISTA PLAZA,49,A,"40,77 m²",COM VAGA,"R$ 379.891,50",janeiro 2030
VISTA PLAZA,51,A,"40,77 m²",COM VAGA,"R$ 380.391,50",janeiro 2030
VISTA PLAZA,52,A,"40,77 m²",COM VAGA,"R$ 380.391,50",janeiro 2030
VISTA PLAZA,53,A,"40,12 m²",COM VAGA,"R$ 374.574,00",janeiro 2030
VISTA PLAZA,54,A,"40,12 m²",COM VAGA,"R$ 374.574,00",janeiro 2030
VISTA PLAZA,55,A,"45,59 m²",COM VAGA,"R$ 423.530,50",janeiro 2030
VISTA PLAZA,56,A,"40,12 m²",COM VAGA,"R$ 374.574,00",janeiro 2030
VISTA PLAZA,57,A,"40,12 m²",COM VAGA,"R$ 374.574,00",janeiro 2030
VISTA PLAZA,58,A,"40,77 m²",COM VAGA,"R$ 380.391,50",janeiro 2030
VISTA PLAZA,59,A,"40,77 m²",COM VAGA,"R$ 380.391,50",janeiro 2030
VISTA PLAZA,61,A,"40,77 m²",COM VAGA,"R$ 380.891,50",janeiro 2030
VISTA PLAZA,62,A,"40,77 m²",COM VAGA,"R$ 380.891,50",janeiro 2030
VISTA PLAZA,63,A,"40,12 m²",COM VAGA,"R$ 375.074,00",janeiro 2030
VISTA PLAZA,64,A,"40,12 m²",COM VAGA,"R$ 375.074,00",janeiro 2030
VISTA PLAZA,65,A,"45,59 m²",COM VAGA,"R$ 424.030,50",janeiro 2030
VISTA PLAZA,66,A,"40,12 m²",COM VAGA,"R$ 375.074,00",janeiro 2030
VISTA PLAZA,67,A,"40,12 m²",COM VAGA,"R$ 375.074,00",janeiro 2030
VISTA PLAZA,68,A,"40,77 m²",COM VAGA,"R$ 380.891,50",janeiro 2030
VISTA PLAZA,69,A,"40,77 m²",COM VAGA,"R$ 380.891,50",janeiro 2030
VISTA PLAZA,71,A,"40,77 m²",COM VAGA,"R$ 381.391,50",janeiro 2030
VISTA PLAZA,72,A,"40,77 m²",COM VAGA,"R$ 381.391,50",janeiro 2030
VISTA PLAZA,73,A,"40,12 m²",COM VAGA,"R$ 375.574,00",janeiro 2030
VISTA PLAZA,74,A,"40,12 m²",COM VAGA,"R$ 375.574,00",janeiro 2030
VISTA PLAZA,75,A,"45,59 m²",COM VAGA,"R$ 424.530,50",janeiro 2030
VISTA PLAZA,76,A,"40,12 m²",COM VAGA,"R$ 375.574,00",janeiro 2030
VISTA PLAZA,77,A,"40,12 m²",COM VAGA,"R$ 375.574,00",janeiro 2030
VISTA PLAZA,78,A,"40,77 m²",COM VAGA,"R$ 381.391,50",janeiro 2030
VISTA PLAZA,79,A,"40,77 m²",COM VAGA,"R$ 381.391,50",janeiro 2030
VISTA PLAZA,81,A,"40,77 m²",COM VAGA,"R$ 381.891,50",janeiro 2030
VISTA PLAZA,82,A,"40,77 m²",COM VAGA,"R$ 381.891,50",janeiro 2030
VISTA PLAZA,83,A,"40,12 m²",COM VAGA,"R$ 376.074,00",janeiro 2030
VISTA PLAZA,84,A,"40,12 m²",COM VAGA,"R$ 376.074,00",janeiro 2030
VISTA PLAZA,85,A,"45,59 m²",COM VAGA,"R$ 425.030,50",janeiro 2030
VISTA PLAZA,86,A,"40,12 m²",COM VAGA,"R$ 376.074,00",janeiro 2030
VISTA PLAZA,87,A,"40,12 m²",COM VAGA,"R$ 376.074,00",janeiro 2030
VISTA PLAZA,88,A,"40,77 m²",COM VAGA,"R$ 381.891,50",janeiro 2030
VISTA PLAZA,89,A,"40,77 m²",COM VAGA,"R$ 381.891,50",janeiro 2030
VISTA PLAZA,91,A,"40,77 m²",COM VAGA,"R$ 381.891,50",janeiro 2030
VISTA PLAZA,92,A,"40,77 m²",COM VAGA,"R$ 381.891,50",janeiro 2030
VISTA PLAZA,93,A,"40,12 m²",COM VAGA,"R$ 376.074,00",janeiro 2030
VISTA PLAZA,94,A,"40,12 m²",COM VAGA,"R$ 376.074,00",janeiro 2030
VISTA PLAZA,95,A,"45,59 m²",COM VAGA,"R$ 425.030,50",janeiro 2030
VISTA PLAZA,96,A,"40,12 m²",COM VAGA,"R$ 376.074,00",janeiro 2030
VISTA PLAZA,97,A,"40,12 m²",COM VAGA,"R$ 376.074,00",janeiro 2030
VISTA PLAZA,98,A,"40,77 m²",COM VAGA,"R$ 381.891,50",janeiro 2030
VISTA PLAZA,99,A,"40,77 m²",COM VAGA,"R$ 381.891,50",janeiro 2030
VISTA PLAZA,101,A,"40,77 m²",COM VAGA,"R$ 382.391,50",janeiro 2030
VISTA PLAZA,102,A,"40,77 m²",COM VAGA,"R$ 382.391,50",janeiro 2030
VISTA PLAZA,103,A,"40,12 m²",COM VAGA,"R$ 376.574,00",janeiro 2030
VISTA PLAZA,104,A,"40,12 m²",COM VAGA,"R$ 376.574,00",janeiro 2030
VISTA PLAZA,105,A,"45,59 m²",COM VAGA,"R$ 425.530,50",janeiro 2030
VISTA PLAZA,106,A,"40,12 m²",COM VAGA,"R$ 376.574,00",janeiro 2030
VISTA PLAZA,107,A,"40,12 m²",COM VAGA,"R$ 376.574,00",janeiro 2030
VISTA PLAZA,108,A,"40,77 m²",COM VAGA,"R$ 382.391,50",janeiro 2030
VISTA PLAZA,109,A,"40,77 m²",COM VAGA,"R$ 382.391,50",janeiro 2030
VISTA PLAZA,111,A,"40,77 m²",COM VAGA,"R$ 382.891,50",janeiro 2030
VISTA PLAZA,112,A,"40,77 m²",COM VAGA,"R$ 382.891,50",janeiro 2030
VISTA PLAZA,113,A,"40,12 m²",COM VAGA,"R$ 377.074,00",janeiro 2030
VISTA PLAZA,114,A,"40,12 m²",COM VAGA,"R$ 377.074,00",janeiro 2030
VISTA PLAZA,115,A,"45,59 m²",COM VAGA,"R$ 426.030,50",janeiro 2030
VISTA PLAZA,116,A,"40,12 m²",COM VAGA,"R$ 377.074,00",janeiro 2030
VISTA PLAZA,117,A,"40,12 m²",COM VAGA,"R$ 377.074,00",janeiro 2030
VISTA PLAZA,118,A,"40,77 m²",COM VAGA,"R$ 382.891,50",janeiro 2030
VISTA PLAZA,119,A,"40,77 m²",COM VAGA,"R$ 382.891,50",janeiro 2030
VISTA PLAZA,121,A,"40,77 m²",COM VAGA,"R$ 383.391,50",janeiro 2030
VISTA PLAZA,122,A,"40,77 m²",COM VAGA,"R$ 383.391,50",janeiro 2030
VISTA PLAZA,123,A,"40,12 m²",COM VAGA,"R$ 377.574,00",janeiro 2030
VISTA PLAZA,124,A,"40,12 m²",COM VAGA,"R$ 377.574,00",janeiro 2030
VISTA PLAZA,125,A,"45,59 m²",COM VAGA,"R$ 426.530,50",janeiro 2030
VISTA PLAZA,126,A,"40,12 m²",COM VAGA,"R$ 377.574,00",janeiro 2030
VISTA PLAZA,127,A,"40,12 m²",COM VAGA,"R$ 377.574,00",janeiro 2030
VISTA PLAZA,128,A,"40,77 m²",COM VAGA,"R$ 383.391,50",janeiro 2030
VISTA PLAZA,129,A,"40,77 m²",COM VAGA,"R$ 383.391,50",janeiro 2030
VISTA PLAZA,131,A,"40,77 m²",COM VAGA,"R$ 383.891,50",janeiro 2030
VISTA PLAZA,132,A,"40,77 m²",COM VAGA,"R$ 383.891,50",janeiro 2030
VISTA PLAZA,133,A,"40,12 m²",COM VAGA,"R$ 378.074,00",janeiro 2030
VISTA PLAZA,134,A,"40,12 m²",COM VAGA,"R$ 378.074,00",janeiro 2030
VISTA PLAZA,135,A,"45,59 m²",COM VAGA,"R$ 427.030,50",janeiro 2030
VISTA PLAZA,136,A,"40,12 m²",COM VAGA,"R$ 378.074,00",janeiro 2030
VISTA PLAZA,137,A,"40,12 m²",COM VAGA,"R$ 378.074,00",janeiro 2030
VISTA PLAZA,138,A,"40,77 m²",COM VAGA,"R$ 383.891,50",janeiro 2030
VISTA PLAZA,139,A,"40,77 m²",COM VAGA,"R$ 383.891,50",janeiro 2030
VISTA PLAZA,141,A,"40,77 m²",COM VAGA,"R$ 384.391,50",janeiro 2030
VISTA PLAZA,142,A,"40,77 m²",COM VAGA,"R$ 384.391,50",janeiro 2030
VISTA PLAZA,143,A,"40,12 m²",COM VAGA,"R$ 378.574,00",janeiro 2030
VISTA PLAZA,144,A,"40,12 m²",COM VAGA,"R$ 378.574,00",janeiro 2030
VISTA PLAZA,145,A,"45,59 m²",COM VAGA,"R$ 427.530,50",janeiro 2030
VISTA PLAZA,146,A,"40,12 m²",COM VAGA,"R$ 378.574,00",janeiro 2030
VISTA PLAZA,147,A,"40,12 m²",COM VAGA,"R$ 378.574,00",janeiro 2030
VISTA PLAZA,148,A,"40,77 m²",COM VAGA,"R$ 384.391,50",janeiro 2030
VISTA PLAZA,149,A,"40,77 m²",COM VAGA,"R$ 384.391,50",janeiro 2030
VISTA PLAZA,151,A,"40,77 m²",COM VAGA,"R$ 384.891,50",janeiro 2030
VISTA PLAZA,152,A,"40,77 m²",COM VAGA,"R$ 384.891,50",janeiro 2030
VISTA PLAZA,153,A,"40,12 m²",COM VAGA,"R$ 379.074,00",janeiro 2030
VISTA PLAZA,154,A,"40,12 m²",COM VAGA,"R$ 379.074,00",janeiro 2030
VISTA PLAZA,155,A,"45,59 m²",COM VAGA,"R$ 428.030,50",janeiro 2030
VISTA PLAZA,156,A,"40,12 m²",COM VAGA,"R$ 379.074,00",janeiro 2030
VISTA PLAZA,157,A,"40,12 m²",COM VAGA,"R$ 379.074,00",janeiro 2030
VISTA PLAZA,158,A,"40,77 m²",COM VAGA,"R$ 384.891,50",janeiro 2030
VISTA PLAZA,159,A,"40,77 m²",COM VAGA,"R$ 384.891,50",janeiro 2030
VISTA PLAZA,161,A,"40,77 m²",COM VAGA,"R$ 385.391,50",janeiro 2030
VISTA PLAZA,162,A,"40,77 m²",COM VAGA,"R$ 385.391,50",janeiro 2030
VISTA PLAZA,163,A,"40,12 m²",COM VAGA,"R$ 379.574,00",janeiro 2030
VISTA PLAZA,164,A,"40,12 m²",COM VAGA,"R$ 379.574,00",janeiro 2030
VISTA PLAZA,165,A,"45,59 m²",COM VAGA,"R$ 428.530,50",janeiro 2030
VISTA PLAZA,166,A,"40,12 m²",COM VAGA,"R$ 379.574,00",janeiro 2030
VISTA PLAZA,167,A,"40,12 m²",COM VAGA,"R$ 379.574,00",janeiro 2030
VISTA PLAZA,168,A,"40,77 m²",COM VAGA,"R$ 385.391,50",janeiro 2030
VISTA PLAZA,169,A,"40,77 m²",COM VAGA,"R$ 385.391,50",janeiro 2030
VISTA PLAZA,171,A,"40,77 m²",COM VAGA,"R$ 385.891,50",janeiro 2030
VISTA PLAZA,172,A,"40,77 m²",COM VAGA,"R$ 385.891,50",janeiro 2030
VISTA PLAZA,173,A,"40,12 m²",COM VAGA,"R$ 380.074,00",janeiro 2030
VISTA PLAZA,174,A,"40,12 m²",COM VAGA,"R$ 380.074,00",janeiro 2030
VISTA PLAZA,175,A,"45,59 m²",COM VAGA,"R$ 429.030,50",janeiro 2030
VISTA PLAZA,176,A,"40,12 m²",COM VAGA,"R$ 380.074,00",janeiro 2030
VISTA PLAZA,177,A,"40,12 m²",COM VAGA,"R$ 380.074,00",janeiro 2030
VISTA PLAZA,178,A,"40,77 m²",COM VAGA,"R$ 385.891,50",janeiro 2030
VISTA PLAZA,179,A,"40,77 m²",COM VAGA,"R$ 385.891,50",janeiro 2030
VISTA PLAZA,181,A,"40,77 m²",COM VAGA,"R$ 386.391,50",janeiro 2030
VISTA PLAZA,182,A,"40,77 m²",COM VAGA,"R$ 386.391,50",janeiro 2030
VISTA PLAZA,183,A,"40,12 m²",COM VAGA,"R$ 380.574,00",janeiro 2030
VISTA PLAZA,184,A,"40,12 m²",COM VAGA,"R$ 380.574,00",janeiro 2030
VISTA PLAZA,185,A,"45,59 m²",COM VAGA,"R$ 429.530,50",janeiro 2030
VISTA PLAZA,186,A,"40,12 m²",COM VAGA,"R$ 380.574,00",janeiro 2030
VISTA PLAZA,187,A,"40,12 m²",COM VAGA,"R$ 380.574,00",janeiro 2030
VISTA PLAZA,188,A,"40,77 m²",COM VAGA,"R$ 386.391,50",janeiro 2030
VISTA PLAZA,189,A,"40,77 m²",COM VAGA,"R$ 386.391,50",janeiro 2030
VISTA PLAZA,191,A,"40,77 m²",COM VAGA,"R$ 386.891,50",janeiro 2030
VISTA PLAZA,192,A,"40,77 m²",COM VAGA,"R$ 386.891,50",janeiro 2030
VISTA PLAZA,193,A,"40,12 m²",COM VAGA,"R$ 381.074,00",janeiro 2030
VISTA PLAZA,194,A,"40,12 m²",COM VAGA,"R$ 381.074,00",janeiro 2030
VISTA PLAZA,195,A,"45,59 m²",COM VAGA,"R$ 430.030,50",janeiro 2030
VISTA PLAZA,196,A,"40,12 m²",COM VAGA,"R$ 381.074,00",janeiro 2030
VISTA PLAZA,197,A,"40,12 m²",COM VAGA,"R$ 381.074,00",janeiro 2030
VISTA PLAZA,198,A,"40,77 m²",COM VAGA,"R$ 386.891,50",janeiro 2030
VISTA PLAZA,199,A,"40,77 m²",COM VAGA,"R$ 386.891,50",janeiro 2030
VISTA PLAZA,201,A,"40,77 m²",COM VAGA,"R$ 387.391,50",janeiro 2030
VISTA PLAZA,202,A,"40,77 m²",COM VAGA,"R$ 387.391,50",janeiro 2030
VISTA PLAZA,203,A,"40,12 m²",COM VAGA,"R$ 381.574,00",janeiro 2030
VISTA PLAZA,204,A,"40,12 m²",COM VAGA,"R$ 381.574,00",janeiro 2030
VISTA PLAZA,205,A,"45,59 m²",COM VAGA,"R$ 430.530,50",janeiro 2030
VISTA PLAZA,206,A,"40,12 m²",COM VAGA,"R$ 381.574,00",janeiro 2030
VISTA PLAZA,207,A,"40,12 m²",COM VAGA,"R$ 381.574,00",janeiro 2030
VISTA PLAZA,208,A,"40,77 m²",COM VAGA,"R$ 387.391,50",janeiro 2030
VISTA PLAZA,209,A,"40,77 m²",COM VAGA,"R$ 387.391,50",janeiro 2030
VISTA PLAZA,211,A,"40,77 m²",COM VAGA,"R$ 387.891,50",janeiro 2030
VISTA PLAZA,212,A,"40,77 m²",COM VAGA,"R$ 387.891,50",janeiro 2030
VISTA PLAZA,213,A,"40,12 m²",COM VAGA,"R$ 382.074,00",janeiro 2030
VISTA PLAZA,214,A,"40,12 m²",COM VAGA,"R$ 382.074,00",janeiro 2030
VISTA PLAZA,215,A,"45,59 m²",COM VAGA,"R$ 431.030,50",janeiro 2030
VISTA PLAZA,216,A,"40,12 m²",COM VAGA,"R$ 382.074,00",janeiro 2030
VISTA PLAZA,217,A,"40,12 m²",COM VAGA,"R$ 382.074,00",janeiro 2030
VISTA PLAZA,218,A,"40,77 m²",COM VAGA,"R$ 387.891,50",janeiro 2030
VISTA PLAZA,219,A,"40,77 m²",COM VAGA,"R$ 387.891,50",janeiro 2030
VISTA PLAZA,221,A,"40,77 m²",COM VAGA,"R$ 388.391,50",janeiro 2030
VISTA PLAZA,222,A,"40,77 m²",COM VAGA,"R$ 388.391,50",janeiro 2030
VISTA PLAZA,223,A,"40,12 m²",COM VAGA,"R$ 382.574,00",janeiro 2030
VISTA PLAZA,224,A,"40,12 m²",COM VAGA,"R$ 382.574,00",janeiro 2030
VISTA PLAZA,225,A,"45,59 m²",COM VAGA,"R$ 431.530,50",janeiro 2030
VISTA PLAZA,226,A,"40,12 m²",COM VAGA,"R$ 382.574,00",janeiro 2030
VISTA PLAZA,227,A,"40,12 m²",COM VAGA,"R$ 382.574,00",janeiro 2030
VISTA PLAZA,228,A,"40,77 m²",COM VAGA,"R$ 388.391,50",janeiro 2030
VISTA PLAZA,229,A,"40,77 m²",COM VAGA,"R$ 388.391,50",janeiro 2030
VISTA PLAZA,231,A,"40,77 m²",COM VAGA,"R$ 388.891,50",janeiro 2030
VISTA PLAZA,232,A,"40,77 m²",COM VAGA,"R$ 388.891,50",janeiro 2030
VISTA PLAZA,233,A,"40,12 m²",COM VAGA,"R$ 383.074,00",janeiro 2030
VISTA PLAZA,234,A,"40,12 m²",COM VAGA,"R$ 383.074,00",janeiro 2030
VISTA PLAZA,235,A,"45,59 m²",COM VAGA,"R$ 432.030,50",janeiro 2030
VISTA PLAZA,236,A,"40,12 m²",COM VAGA,"R$ 383.074,00",janeiro 2030
VISTA PLAZA,237,A,"40,12 m²",COM VAGA,"R$ 383.074,00",janeiro 2030
VISTA PLAZA,238,A,"40,77 m²",COM VAGA,"R$ 388.891,50",janeiro 2030
VISTA PLAZA,239,A,"40,77 m²",COM VAGA,"R$ 388.891,50",janeiro 2030
VISTA PLAZA,41,B,"40,77 m²",COM VAGA,"R$ 379.891,50",janeiro 2030
VISTA PLAZA,42,B,"40,77 m²",COM VAGA,"R$ 379.891,50",janeiro 2030
VISTA PLAZA,43,B,"40,12 m²",PNE,"R$ 364.074,00",janeiro 2030
VISTA PLAZA,44,B,"40,12 m²",PNE,"R$ 364.074,00",janeiro 2030
VISTA PLAZA,45,B,"45,59 m²",PNE,"R$ 413.030,50",janeiro 2030
VISTA PLAZA,46,B,"40,12 m²",PNE,"R$ 364.074,00",janeiro 2030
VISTA PLAZA,47,B,"40,12 m²",PNE,"R$ 364.074,00",janeiro 2030
VISTA PLAZA,48,B,"40,77 m²",COM VAGA,"R$ 379.891,50",janeiro 2030
VISTA PLAZA,49,B,"40,77 m²",COM VAGA,"R$ 379.891,50",janeiro 2030
VISTA PLAZA,51,B,"40,77 m²",COM VAGA,"R$ 380.391,50",janeiro 2030
VISTA PLAZA,52,B,"40,77 m²",COM VAGA,"R$ 380.391,50",janeiro 2030
VISTA PLAZA,53,B,"40,12 m²",COM VAGA,"R$ 374.574,00",janeiro 2030
VISTA PLAZA,54,B,"40,12 m²",COM VAGA,"R$ 374.574,00",janeiro 2030
VISTA PLAZA,55,B,"45,59 m²",COM VAGA,"R$ 423.530,50",janeiro 2030
VISTA PLAZA,56,B,"40,12 m²",COM VAGA,"R$ 374.574,00",janeiro 2030
VISTA PLAZA,57,B,"40,12 m²",COM VAGA,"R$ 374.574,00",janeiro 2030
VISTA PLAZA,58,B,"40,77 m²",COM VAGA,"R$ 380.391,50",janeiro 2030
VISTA PLAZA,59,B,"40,77 m²",COM VAGA,"R$ 380.391,50",janeiro 2030
VISTA PLAZA,61,B,"40,77 m²",COM VAGA,"R$ 380.891,50",janeiro 2030
VISTA PLAZA,62,B,"40,77 m²",COM VAGA,"R$ 380.891,50",janeiro 2030
VISTA PLAZA,63,B,"40,12 m²",COM VAGA,"R$ 375.074,00",janeiro 2030
VISTA PLAZA,64,B,"40,12 m²",COM VAGA,"R$ 375.074,00",janeiro 2030
VISTA PLAZA,65,B,"45,59 m²",COM VAGA,"R$ 424.030,50",janeiro 2030
VISTA PLAZA,66,B,"40,12 m²",COM VAGA,"R$ 375.074,00",janeiro 2030
VISTA PLAZA,67,B,"40,12 m²",COM VAGA,"R$ 375.074,00",janeiro 2030
VISTA PLAZA,68,B,"40,77 m²",COM VAGA,"R$ 380.891,50",janeiro 2030
VISTA PLAZA,69,B,"40,77 m²",COM VAGA,"R$ 380.891,50",janeiro 2030
VISTA PLAZA,71,B,"40,77 m²",COM VAGA,"R$ 381.391,50",janeiro 2030
VISTA PLAZA,72,B,"40,77 m²",COM VAGA,"R$ 381.391,50",janeiro 2030
VISTA PLAZA,73,B,"40,12 m²",COM VAGA,"R$ 375.574,00",janeiro 2030
VISTA PLAZA,74,B,"40,12 m²",COM VAGA,"R$ 375.574,00",janeiro 2030
VISTA PLAZA,75,B,"45,59 m²",COM VAGA,"R$ 424.530,50",janeiro 2030
VISTA PLAZA,76,B,"40,12 m²",COM VAGA,"R$ 375.574,00",janeiro 2030
VISTA PLAZA,77,B,"40,12 m²",COM VAGA,"R$ 375.574,00",janeiro 2030
VISTA PLAZA,78,B,"40,77 m²",COM VAGA,"R$ 381.391,50",janeiro 2030
VISTA PLAZA,79,B,"40,77 m²",COM VAGA,"R$ 381.391,50",janeiro 2030
VISTA PLAZA,81,B,"40,77 m²",COM VAGA,"R$ 381.891,50",janeiro 2030
VISTA PLAZA,82,B,"40,77 m²",COM VAGA,"R$ 381.891,50",janeiro 2030
VISTA PLAZA,83,B,"40,12 m²",COM VAGA,"R$ 376.074,00",janeiro 2030
VISTA PLAZA,84,B,"40,12 m²",COM VAGA,"R$ 376.074,00",janeiro 2030
VISTA PLAZA,85,B,"45,59 m²",COM VAGA,"R$ 425.030,50",janeiro 2030
VISTA PLAZA,86,B,"40,12 m²",COM VAGA,"R$ 376.074,00",janeiro 2030
VISTA PLAZA,87,B,"40,12 m²",COM VAGA,"R$ 376.074,00",janeiro 2030
VISTA PLAZA,88,B,"40,77 m²",COM VAGA,"R$ 381.891,50",janeiro 2030
VISTA PLAZA,89,B,"40,77 m²",COM VAGA,"R$ 381.891,50",janeiro 2030
VISTA PLAZA,91,B,"40,77 m²",COM VAGA,"R$ 381.891,50",janeiro 2030
VISTA PLAZA,92,B,"40,77 m²",COM VAGA,"R$ 381.891,50",janeiro 2030
VISTA PLAZA,93,B,"40,12 m²",COM VAGA,"R$ 376.074,00",janeiro 2030
VISTA PLAZA,94,B,"40,12 m²",COM VAGA,"R$ 376.074,00",janeiro 2030
VISTA PLAZA,95,B,"45,59 m²",COM VAGA,"R$ 425.030,50",janeiro 2030
VISTA PLAZA,96,B,"40,12 m²",COM VAGA,"R$ 376.074,00",janeiro 2030
VISTA PLAZA,97,B,"40,12 m²",COM VAGA,"R$ 376.074,00",janeiro 2030
VISTA PLAZA,98,B,"40,77 m²",COM VAGA,"R$ 381.891,50",janeiro 2030
VISTA PLAZA,99,B,"40,77 m²",COM VAGA,"R$ 381.891,50",janeiro 2030
VISTA PLAZA,101,B,"40,77 m²",COM VAGA,"R$ 382.391,50",janeiro 2030
VISTA PLAZA,102,B,"40,77 m²",COM VAGA,"R$ 382.391,50",janeiro 2030
VISTA PLAZA,103,B,"40,12 m²",COM VAGA,"R$ 376.574,00",janeiro 2030
VISTA PLAZA,104,B,"40,12 m²",COM VAGA,"R$ 376.574,00",janeiro 2030
VISTA PLAZA,105,B,"45,59 m²",COM VAGA,"R$ 425.530,50",janeiro 2030
VISTA PLAZA,106,B,"40,12 m²",COM VAGA,"R$ 376.574,00",janeiro 2030
VISTA PLAZA,107,B,"40,12 m²",COM VAGA,"R$ 376.574,00",janeiro 2030
VISTA PLAZA,108,B,"40,77 m²",COM VAGA,"R$ 382.391,50",janeiro 2030
VISTA PLAZA,109,B,"40,77 m²",COM VAGA,"R$ 382.391,50",janeiro 2030
VISTA PLAZA,111,B,"40,77 m²",COM VAGA,"R$ 382.891,50",janeiro 2030
VISTA PLAZA,112,B,"40,77 m²",COM VAGA,"R$ 382.891,50",janeiro 2030
VISTA PLAZA,113,B,"40,12 m²",COM VAGA,"R$ 377.074,00",janeiro 2030
VISTA PLAZA,114,B,"40,12 m²",COM VAGA,"R$ 377.074,00",janeiro 2030
VISTA PLAZA,115,B,"45,59 m²",COM VAGA,"R$ 426.030,50",janeiro 2030
VISTA PLAZA,116,B,"40,12 m²",COM VAGA,"R$ 377.074,00",janeiro 2030
VISTA PLAZA,117,B,"40,12 m²",COM VAGA,"R$ 377.074,00",janeiro 2030
VISTA PLAZA,118,B,"40,77 m²",COM VAGA,"R$ 382.891,50",janeiro 2030
VISTA PLAZA,119,B,"40,77 m²",COM VAGA,"R$ 382.891,50",janeiro 2030
VISTA PLAZA,121,B,"40,77 m²",COM VAGA,"R$ 383.391,50",janeiro 2030
VISTA PLAZA,122,B,"40,77 m²",COM VAGA,"R$ 383.391,50",janeiro 2030
VISTA PLAZA,123,B,"40,12 m²",COM VAGA,"R$ 377.574,00",janeiro 2030
VISTA PLAZA,124,B,"40,12 m²",COM VAGA,"R$ 377.574,00",janeiro 2030
VISTA PLAZA,125,B,"45,59 m²",COM VAGA,"R$ 426.530,50",janeiro 2030
VISTA PLAZA,126,B,"40,12 m²",COM VAGA,"R$ 377.574,00",janeiro 2030
VISTA PLAZA,127,B,"40,12 m²",COM VAGA,"R$ 377.574,00",janeiro 2030
VISTA PLAZA,128,B,"40,77 m²",COM VAGA,"R$ 383.391,50",janeiro 2030
VISTA PLAZA,129,B,"40,77 m²",COM VAGA,"R$ 383.391,50",janeiro 2030
VISTA PLAZA,131,B,"40,77 m²",COM VAGA,"R$ 383.891,50",janeiro 2030
VISTA PLAZA,132,B,"40,77 m²",COM VAGA,"R$ 383.891,50",janeiro 2030
VISTA PLAZA,133,B,"40,12 m²",COM VAGA,"R$ 378.074,00",janeiro 2030
VISTA PLAZA,134,B,"40,12 m²",COM VAGA,"R$ 378.074,00",janeiro 2030
VISTA PLAZA,135,B,"45,59 m²",COM VAGA,"R$ 427.030,50",janeiro 2030
VISTA PLAZA,136,B,"40,12 m²",COM VAGA,"R$ 378.074,00",janeiro 2030
VISTA PLAZA,137,B,"40,12 m²",COM VAGA,"R$ 378.074,00",janeiro 2030
VISTA PLAZA,138,B,"40,77 m²",COM VAGA,"R$ 383.891,50",janeiro 2030
VISTA PLAZA,139,B,"40,77 m²",COM VAGA,"R$ 383.891,50",janeiro 2030
VISTA PLAZA,141,B,"40,77 m²",COM VAGA,"R$ 384.391,50",janeiro 2030
VISTA PLAZA,142,B,"40,77 m²",COM VAGA,"R$ 384.391,50",janeiro 2030
VISTA PLAZA,143,B,"40,12 m²",COM VAGA,"R$ 378.574,00",janeiro 2030
VISTA PLAZA,144,B,"40,12 m²",COM VAGA,"R$ 378.574,00",janeiro 2030
VISTA PLAZA,145,B,"45,59 m²",COM VAGA,"R$ 427.530,50",janeiro 2030
VISTA PLAZA,146,B,"40,12 m²",COM VAGA,"R$ 378.574,00",janeiro 2030
VISTA PLAZA,147,B,"40,12 m²",COM VAGA,"R$ 378.574,00",janeiro 2030
VISTA PLAZA,148,B,"40,77 m²",COM VAGA,"R$ 384.391,50",janeiro 2030
VISTA PLAZA,149,B,"40,77 m²",COM VAGA,"R$ 384.391,50",janeiro 2030
VISTA PLAZA,151,B,"40,77 m²",COM VAGA,"R$ 384.891,50",janeiro 2030
VISTA PLAZA,152,B,"40,77 m²",COM VAGA,"R$ 384.891,50",janeiro 2030
VISTA PLAZA,153,B,"40,12 m²",COM VAGA,"R$ 379.074,00",janeiro 2030
VISTA PLAZA,154,B,"40,12 m²",COM VAGA,"R$ 379.074,00",janeiro 2030
VISTA PLAZA,155,B,"45,59 m²",COM VAGA,"R$ 428.030,50",janeiro 2030
VISTA PLAZA,156,B,"40,12 m²",COM VAGA,"R$ 379.074,00",janeiro 2030
VISTA PLAZA,157,B,"40,12 m²",COM VAGA,"R$ 379.074,00",janeiro 2030
VISTA PLAZA,158,B,"40,77 m²",COM VAGA,"R$ 384.891,50",janeiro 2030
VISTA PLAZA,159,B,"40,77 m²",COM VAGA,"R$ 384.891,50",janeiro 2030
VISTA PLAZA,161,B,"40,77 m²",COM VAGA,"R$ 385.391,50",janeiro 2030
VISTA PLAZA,162,B,"40,77 m²",COM VAGA,"R$ 385.391,50",janeiro 2030
VISTA PLAZA,163,B,"40,12 m²",COM VAGA,"R$ 379.574,00",janeiro 2030
VISTA PLAZA,164,B,"40,12 m²",COM VAGA,"R$ 379.574,00",janeiro 2030
VISTA PLAZA,165,B,"45,59 m²",COM VAGA,"R$ 428.530,50",janeiro 2030
VISTA PLAZA,166,B,"40,12 m²",COM VAGA,"R$ 379.574,00",janeiro 2030
VISTA PLAZA,167,B,"40,12 m²",COM VAGA,"R$ 379.574,00",janeiro 2030
VISTA PLAZA,168,B,"40,77 m²",COM VAGA,"R$ 385.391,50",janeiro 2030
VISTA PLAZA,169,B,"40,77 m²",COM VAGA,"R$ 385.391,50",janeiro 2030
VISTA PLAZA,171,B,"40,77 m²",COM VAGA,"R$ 385.891,50",janeiro 2030
VISTA PLAZA,172,B,"40,77 m²",COM VAGA,"R$ 385.891,50",janeiro 2030
VISTA PLAZA,173,B,"40,12 m²",COM VAGA,"R$ 380.074,00",janeiro 2030
VISTA PLAZA,174,B,"40,12 m²",COM VAGA,"R$ 380.074,00",janeiro 2030
VISTA PLAZA,175,B,"45,59 m²",COM VAGA,"R$ 429.030,50",janeiro 2030
VISTA PLAZA,176,B,"40,12 m²",COM VAGA,"R$ 380.074,00",janeiro 2030
VISTA PLAZA,177,B,"40,12 m²",COM VAGA,"R$ 380.074,00",janeiro 2030
VISTA PLAZA,178,B,"40,77 m²",COM VAGA,"R$ 385.891,50",janeiro 2030
VISTA PLAZA,179,B,"40,77 m²",COM VAGA,"R$ 385.891,50",janeiro 2030
VISTA PLAZA,181,B,"40,77 m²",COM VAGA,"R$ 386.391,50",janeiro 2030
VISTA PLAZA,182,B,"40,77 m²",COM VAGA,"R$ 386.391,50",janeiro 2030
VISTA PLAZA,183,B,"40,12 m²",COM VAGA,"R$ 380.574,00",janeiro 2030
VISTA PLAZA,184,B,"40,12 m²",COM VAGA,"R$ 380.574,00",janeiro 2030
VISTA PLAZA,185,B,"45,59 m²",COM VAGA,"R$ 429.530,50",janeiro 2030
VISTA PLAZA,186,B,"40,12 m²",COM VAGA,"R$ 380.574,00",janeiro 2030
VISTA PLAZA,187,B,"40,12 m²",COM VAGA,"R$ 380.574,00",janeiro 2030
VISTA PLAZA,188,B,"40,77 m²",COM VAGA,"R$ 386.391,50",janeiro 2030
VISTA PLAZA,189,B,"40,77 m²",COM VAGA,"R$ 386.391,50",janeiro 2030
VISTA PLAZA,191,B,"40,77 m²",COM VAGA,"R$ 386.891,50",janeiro 2030
VISTA PLAZA,192,B,"40,77 m²",COM VAGA,"R$ 386.891,50",janeiro 2030
VISTA PLAZA,193,B,"40,12 m²",COM VAGA,"R$ 381.074,00",janeiro 2030
VISTA PLAZA,194,B,"40,12 m²",COM VAGA,"R$ 381.074,00",janeiro 2030
VISTA PLAZA,195,B,"45,59 m²",COM VAGA,"R$ 430.030,50",janeiro 2030
VISTA PLAZA,196,B,"40,12 m²",COM VAGA,"R$ 381.074,00",janeiro 2030
VISTA PLAZA,197,B,"40,12 m²",COM VAGA,"R$ 381.074,00",janeiro 2030
VISTA PLAZA,198,B,"40,77 m²",COM VAGA,"R$ 386.891,50",janeiro 2030
VISTA PLAZA,199,B,"40,77 m²",COM VAGA,"R$ 386.891,50",janeiro 2030
VISTA PLAZA,201,B,"40,77 m²",COM VAGA,"R$ 387.391,50",janeiro 2030
VISTA PLAZA,202,B,"40,77 m²",COM VAGA,"R$ 387.391,50",janeiro 2030
VISTA PLAZA,203,B,"40,12 m²",COM VAGA,"R$ 381.574,00",janeiro 2030
VISTA PLAZA,204,B,"40,12 m²",COM VAGA,"R$ 381.574,00",janeiro 2030
VISTA PLAZA,205,B,"45,59 m²",COM VAGA,"R$ 430.530,50",janeiro 2030
VISTA PLAZA,206,B,"40,12 m²",COM VAGA,"R$ 381.574,00",janeiro 2030
VISTA PLAZA,207,B,"40,12 m²",COM VAGA,"R$ 381.574,00",janeiro 2030
VISTA PLAZA,208,B,"40,77 m²",COM VAGA,"R$ 387.391,50",janeiro 2030
VISTA PLAZA,209,B,"40,77 m²",COM VAGA,"R$ 387.391,50",janeiro 2030
VISTA PLAZA,211,B,"40,77 m²",COM VAGA,"R$ 387.391,50",janeiro 2030
VISTA PLAZA,212,B,"40,77 m²",COM VAGA,"R$ 387.391,50",janeiro 2030
VISTA PLAZA,213,B,"40,12 m²",COM VAGA,"R$ 382.074,00",janeiro 2030
VISTA PLAZA,214,B,"40,12 m²",COM VAGA,"R$ 382.074,00",janeiro 2030
VISTA PLAZA,215,B,"45,59 m²",COM VAGA,"R$ 431.030,50",janeiro 2030
VISTA PLAZA,216,B,"40,12 m²",COM VAGA,"R$ 382.074,00",janeiro 2030
VISTA PLAZA,217,B,"40,12 m²",COM VAGA,"R$ 382.074,00",janeiro 2030
VISTA PLAZA,218,B,"40,77 m²",COM VAGA,"R$ 387.891,50",janeiro 2030
VISTA PLAZA,219,B,"40,77 m²",COM VAGA,"R$ 387.891,50",janeiro 2030
VISTA PLAZA,221,B,"40,77 m²",COM VAGA,"R$ 388.391,50",janeiro 2030
VISTA PLAZA,222,B,"40,77 m²",COM VAGA,"R$ 388.391,50",janeiro 2030
VISTA PLAZA,223,B,"40,12 m²",COM VAGA,"R$ 382.574,00",janeiro 2030
VISTA PLAZA,224,B,"40,12 m²",COM VAGA,"R$ 382.574,00",janeiro 2030
VISTA PLAZA,225,B,"45,59 m²",COM VAGA,"R$ 431.530,50",janeiro 2030
VISTA PLAZA,226,B,"40,12 m²",COM VAGA,"R$ 382.574,00",janeiro 2030
VISTA PLAZA,227,B,"40,12 m²",COM VAGA,"R$ 382.574,00",janeiro 2030
VISTA PLAZA,228,B,"40,77 m²",COM VAGA,"R$ 388.391,50",janeiro 2030
VISTA PLAZA,229,B,"40,77 m²",COM VAGA,"R$ 388.391,50",janeiro 2030
INNOVARE PORTAL DO MORUMBI,201,,"52,6 m²",COM VAGA,"R$ 399.387,50",novembro 2027
INNOVARE PORTAL DO MORUMBI,306,,"24,32 m²",SEM VAGA,"R$ 272.000,00",novembro 2027
INNOVARE PORTAL DO MORUMBI,405,,"24,02 m²",SEM VAGA,"R$ 272.500,00",novembro 2027
INNOVARE PORTAL DO MORUMBI,406,,"24,32 m²",SEM VAGA,"R$ 272.500,00",novembro 2027
INNOVARE PORTAL DO MORUMBI,502,,"24,02 m²",SEM VAGA,"R$ 273.000,00",novembro 2027
INNOVARE PORTAL DO MORUMBI,505,,"24,02 m²",SEM VAGA,"R$ 273.000,00",novembro 2027
INNOVARE PORTAL DO MORUMBI,605,,"24,02 m²",SEM VAGA,"R$ 273.500,00",novembro 2027
INNOVARE PORTAL DO MORUMBI,606,,"24,32 m²",SEM VAGA,"R$ 273.500,00",novembro 2027
INNOVARE PORTAL DO MORUMBI,705,,"24,02 m²",SEM VAGA,"R$ 274.000,00",novembro 2027
INNOVARE PORTAL DO MORUMBI,802,,"24,02 m²",SEM VAGA,"R$ 274.000,00",novembro 2027
INNOVARE PORTAL DO MORUMBI,1205,,"24,02 m²",COM VAGA,"R$ 303.000,00",novembro 2027
AUREA SKY,102,,"47,14 m²",COM VAGA,"R$ 416.834,00",janeiro 2029
AUREA SKY,105,,"47,14 m²",COM VAGA,"R$ 416.834,00",janeiro 2029
AUREA SKY,106,,"44,11 m²",COM VAGA,"R$ 416.834,00",janeiro 2029
AUREA SKY,110,,"48,02 m²",COM VAGA,"R$ 423.962,00",janeiro 2029
AUREA SKY,202,,"47,14 m²",COM VAGA,"R$ 416.834,00",janeiro 2029
AUREA SKY,205,,"47,14 m²",COM VAGA,"R$ 416.834,00",janeiro 2029
AUREA SKY,301,,"44,11 m²",COM VAGA,"R$ 416.834,00",janeiro 2029
AUREA SKY,305,,"47,14 m²",COM VAGA,"R$ 420.982,32",janeiro 2029
AUREA SKY,306,,"44,11 m²",COM VAGA,"R$ 403.000,00",janeiro 2029
AUREA SKY,310,,"48,02 m²",COM VAGA,"R$ 434.000,00",janeiro 2029
AUREA SKY,401,,"44,11 m²",COM VAGA,"R$ 403.000,00",janeiro 2029
AUREA SKY,402,,"47,14 m²",COM VAGA,"R$ 429.000,00",janeiro 2029
AUREA SKY,405,,"47,14 m²",COM VAGA,"R$ 429.000,00",janeiro 2029
AUREA SKY,406,,"44,11 m²",COM VAGA,"R$ 403.000,00",janeiro 2029
AUREA SKY,409,,"41,67 m²",SEM VAGA,"R$ 393.000,00",janeiro 2029
AUREA SKY,502,,"47,14 m²",COM VAGA,"R$ 429.500,00",janeiro 2029
AUREA SKY,505,,"47,14 m²",COM VAGA,"R$ 429.500,00",janeiro 2029
AUREA SKY,602,,"47,14 m²",COM VAGA,"R$ 430.000,00",janeiro 2029
AUREA SKY,605,,"47,14 m²",COM VAGA,"R$ 430.000,00",janeiro 2029
AUREA SKY,606,,"44,11 m²",COM VAGA,"R$ 404.000,00",janeiro 2029
AUREA SKY,705,,"47,14 m²",COM VAGA,"R$ 430.500,00",janeiro 2029
AUREA SKY,706,,"44,11 m²",COM VAGA,"R$ 404.500,00",janeiro 2029
AUREA SKY,801,,"44,11 m²",COM VAGA,"R$ 405.000,00",janeiro 2029
AUREA SKY,802,,"47,14 m²",COM VAGA,"R$ 431.000,00",janeiro 2029
AUREA SKY,805,,"47,14 m²",COM VAGA,"R$ 431.000,00",janeiro 2029
AUREA SKY,905,,"47,14 m²",COM VAGA,"R$ 431.500,00",janeiro 2029
AUREA SKY,906,,"44,11 m²",COM VAGA,"R$ 405.500,00",janeiro 2029
AUREA SKY,1002,,"47,14 m²",COM VAGA,"R$ 432.000,00",janeiro 2029
AUREA SKY,1005,,"47,14 m²",COM VAGA,"R$ 432.000,00",janeiro 2029
AUREA SKY,1006,,"44,11 m²",COM VAGA,"R$ 406.000,00",janeiro 2029
AUREA SKY,1101,,"44,11 m²",COM VAGA,"R$ 406.500,00",janeiro 2029
AUREA SKY,1102,,"47,14 m²",COM VAGA,"R$ 432.500,00",janeiro 2029
AUREA SKY,1105,,"47,14 m²",COM VAGA,"R$ 432.500,00",janeiro 2029
AUREA SKY,1106,,"44,11 m²",COM VAGA,"R$ 406.500,00",janeiro 2029
AUREA SKY,1201,,"44,11 m²",COM VAGA,"R$ 407.000,00",janeiro 2029
AUREA SKY,1202,,"47,14 m²",COM VAGA,"R$ 433.000,00",janeiro 2029
AUREA SKY,1206,,"44,11 m²",COM VAGA,"R$ 407.000,00",janeiro 2029
AUREA SKY,1301,,"44,11 m²",COM VAGA,"R$ 407.500,00",janeiro 2029
AUREA SKY,1302,,"47,14 m²",COM VAGA,"R$ 433.500,00",janeiro 2029
AUREA SKY,1305,,"47,14 m²",COM VAGA,"R$ 433.500,00",janeiro 2029
AUREA SKY,1306,,"44,11 m²",COM VAGA,"R$ 407.500,00",janeiro 2029
AUREA SKY,1402,,"47,14 m²",COM VAGA,"R$ 434.000,00",janeiro 2029
AUREA SKY,1405,,"47,14 m²",COM VAGA,"R$ 434.000,00",janeiro 2029
AUREA SKY,1406,,"44,11 m²",COM VAGA,"R$ 408.000,00",janeiro 2029
AUREA SKY,1505,,"47,14 m²",COM VAGA,"R$ 434.500,00",janeiro 2029
AUREA SKY,1506,,"44,11 m²",COM VAGA,"R$ 408.500,00",janeiro 2029
AUREA SKY,1601,,"44,11 m²",COM VAGA,"R$ 409.000,00",janeiro 2029
AUREA SKY,1602,,"47,14 m²",COM VAGA,"R$ 435.000,00",janeiro 2029
AUREA SKY,1605,,"47,14 m²",COM VAGA,"R$ 435.000,00",janeiro 2029
AUREA SKY,1606,,"44,11 m²",COM VAGA,"R$ 409.000,00",janeiro 2029
AUREA SKY,1701,,"44,11 m²",COM VAGA,"R$ 409.500,00",janeiro 2029
AUREA SKY,1702,,"47,14 m²",COM VAGA,"R$ 435.500,00",janeiro 2029
AUREA SKY,1705,,"47,14 m²",COM VAGA,"R$ 435.500,00",janeiro 2029
AUREA SKY,1706,,"44,11 m²",COM VAGA,"R$ 409.500,00",janeiro 2029
AUREA SKY,1802,,"47,14 m²",COM VAGA,"R$ 436.000,00",janeiro 2029
AUREA SKY,1805,,"47,14 m²",COM VAGA,"R$ 436.000,00",janeiro 2029
AUREA SKY,1806,,"44,11 m²",COM VAGA,"R$ 410.000,00",janeiro 2029
AUREA SKY,1810,,"48,02 m²",COM VAGA,"R$ 442.000,00",janeiro 2029
AUREA SKY,1901,,"44,11 m²",COM VAGA,"R$ 410.500,00",janeiro 2029
AUREA SKY,1902,,"47,14 m²",COM VAGA,"R$ 436.500,00",janeiro 2029
AUREA SKY,1905,,"47,14 m²",COM VAGA,"R$ 436.500,00",janeiro 2029
AUREA SKY,1910,,"48,02 m²",COM VAGA,"R$ 442.500,00",janeiro 2029
AUREA SKY,2002,,"47,14 m²",COM VAGA,"R$ 437.000,00",janeiro 2029
AUREA SKY,2005,,"47,14 m²",COM VAGA,"R$ 437.000,00",janeiro 2029
AUREA SKY,2006,,"44,11 m²",COM VAGA,"R$ 411.000,00",janeiro 2029
AUREA SKY,2102,,"47,14 m²",COM VAGA,"R$ 437.500,00",janeiro 2029
AUREA SKY,2106,,"44,11 m²",COM VAGA,"R$ 411.500,00",janeiro 2029
AUREA SKY,2205,,"47,14 m²",COM VAGA,"R$ 438.000,00",janeiro 2029
AUREA SKY,2206,,"44,11 m²",COM VAGA,"R$ 412.000,00",janeiro 2029
AUREA SKY,2210,,"48,02 m²",COM VAGA,"R$ 444.000,00",janeiro 2029
AUREA SKY,2305,,"47,14 m²",COM VAGA,"R$ 438.500,00",janeiro 2029
AUREA SKY,2306,,"44,11 m²",COM VAGA,"R$ 412.500,00",janeiro 2029
AUREA SKY,2310,,"48,02 m²",COM VAGA,"R$ 444.500,00",janeiro 2029
AUREA SKY,2401,,"44,11 m²",COM VAGA,"R$ 413.000,00",janeiro 2029
AUREA SKY,2402,,"47,14 m²",COM VAGA,"R$ 439.000,00",janeiro 2029
AUREA SKY,2405,,"47,14 m²",COM VAGA,"R$ 439.000,00",janeiro 2029
AUREA SKY,2406,,"44,11 m²",COM VAGA,"R$ 413.000,00",janeiro 2029
AUREA SKY,2410,,"48,02 m²",COM VAGA,"R$ 445.000,00",janeiro 2029
AUREA SKY,2501,,"44,11 m²",COM VAGA,"R$ 413.500,00",janeiro 2029
AUREA SKY,2502,,"47,14 m²",COM VAGA,"R$ 439.500,00",janeiro 2029
AUREA SKY,2505,,"47,14 m²",COM VAGA,"R$ 439.500,00",janeiro 2029
AUREA SKY,2506,,"44,11 m²",COM VAGA,"R$ 413.500,00",janeiro 2029
AUREA SKY,2601,,"44,11 m²",COM VAGA,"R$ 414.000,00",janeiro 2029
AUREA SKY,2602,,"47,14 m²",COM VAGA,"R$ 440.000,00",janeiro 2029
AUREA SKY,2605,,"47,14 m²",COM VAGA,"R$ 440.000,00",janeiro 2029
AUREA SKY,2606,,"44,11 m²",COM VAGA,"R$ 414.000,00",janeiro 2029
AUREA SKY,2610,,"48,02 m²",COM VAGA,"R$ 446.000,00",janeiro 2029
AUREA SKY,2702,,"47,14 m²",COM VAGA,"R$ 440.500,00",janeiro 2029
AUREA SKY,2705,,"47,14 m²",COM VAGA,"R$ 440.500,00",janeiro 2029
AUREA SKY,2706,,"44,11 m²",COM VAGA,"R$ 414.500,00",janeiro 2029
AUREA SKY,2801,,"44,11 m²",SEM VAGA,"R$ 387.880,00",janeiro 2029
AUREA SKY,2802,,"47,14 m²",SEM VAGA,"R$ 412.120,00",janeiro 2029
AUREA SKY,2803,,"41,67 m²",SEM VAGA,"R$ 395.000,00",janeiro 2029
AUREA SKY,2804,,"41,67 m²",SEM VAGA,"R$ 395.000,00",janeiro 2029
AUREA SKY,2805,,"47,14 m²",SEM VAGA,"R$ 412.120,00",janeiro 2029
AUREA SKY,2806,,"44,11 m²",SEM VAGA,"R$ 397.880,00",janeiro 2029
AUREA SKY,2807,,"48,02 m²",SEM VAGA,"R$ 419.160,00",janeiro 2029
AUREA SKY,2808,,"41,67 m²",SEM VAGA,"R$ 395.000,00",janeiro 2029
LAGUNA,204,A,"40,4 m²",COM VAGA,"R$ 341.500,00",dezembro 2027
LAGUNA,205,A,"40,4 m²",COM VAGA,"R$ 341.500,00",dezembro 2027
LAGUNA,208,A,"40,4 m²",COM VAGA,"R$ 341.500,00",dezembro 2027
LAGUNA,209,A,"40,4 m²",COM VAGA,"R$ 341.500,00",dezembro 2027
LAGUNA,211,A,"40,4 m²",COM VAGA,"R$ 341.500,00",dezembro 2027
LAGUNA,306,A,"40,4 m²",COM VAGA,"R$ 342.500,00",dezembro 2027
LAGUNA,404,A,"40,4 m²",COM VAGA,"R$ 343.500,00",dezembro 2027
LAGUNA,408,A,"40,4 m²",COM VAGA,"R$ 343.500,00",dezembro 2027
LAGUNA,510,A,"40,4 m²",COM VAGA,"R$ 344.500,00",dezembro 2027
LAGUNA,706,A,"40,4 m²",COM VAGA,"R$ 345.500,00",dezembro 2027
LAGUNA,902,A,"41,12 m²",COM VAGA,"R$ 347.500,00",dezembro 2027
LAGUNA,904,A,"40,4 m²",COM VAGA,"R$ 347.500,00",dezembro 2027
LAGUNA,905,A,"40,4 m²",COM VAGA,"R$ 347.500,00",dezembro 2027
LAGUNA,906,A,"40,4 m²",COM VAGA,"R$ 347.500,00",dezembro 2027
LAGUNA,907,A,"41,3 m²",COM VAGA,"R$ 347.500,00",dezembro 2027
LAGUNA,1004,A,"40,4 m²",COM VAGA,"R$ 348.500,00",dezembro 2027
LAGUNA,1005,A,"40,4 m²",COM VAGA,"R$ 348.500,00",dezembro 2027
LAGUNA,1006,A,"40,4 m²",COM VAGA,"R$ 348.500,00",dezembro 2027
LAGUNA,1007,A,"41,3 m²",COM VAGA,"R$ 348.500,00",dezembro 2027
LAGUNA,1008,A,"40,4 m²",COM VAGA,"R$ 348.500,00",dezembro 2027
LAGUNA,1010,A,"40,4 m²",COM VAGA,"R$ 348.500,00",dezembro 2027
LAGUNA,1011,A,"40,4 m²",COM VAGA,"R$ 348.500,00",dezembro 2027
LAGUNA,1102,A,"41,12 m²",COM VAGA,"R$ 349.500,00",dezembro 2027
LAGUNA,1103,A,"40,4 m²",COM VAGA,"R$ 349.500,00",dezembro 2027
LAGUNA,1104,A,"40,4 m²",COM VAGA,"R$ 349.500,00",dezembro 2027
LAGUNA,1106,A,"40,4 m²",COM VAGA,"R$ 349.500,00",dezembro 2027
LAGUNA,1107,A,"41,3 m²",COM VAGA,"R$ 349.500,00",dezembro 2027
LAGUNA,1108,A,"40,4 m²",COM VAGA,"R$ 349.500,00",dezembro 2027
LAGUNA,1109,A,"40,4 m²",COM VAGA,"R$ 349.500,00",dezembro 2027
LAGUNA,1110,A,"40,4 m²",COM VAGA,"R$ 349.500,00",dezembro 2027
LAGUNA,1202,A,"41,12 m²",COM VAGA,"R$ 350.500,00",dezembro 2027
LAGUNA,1204,A,"40,4 m²",COM VAGA,"R$ 350.500,00",dezembro 2027
LAGUNA,1205,A,"40,4 m²",COM VAGA,"R$ 350.500,00",dezembro 2027
LAGUNA,1206,A,"40,4 m²",COM VAGA,"R$ 350.500,00",dezembro 2027
LAGUNA,1207,A,"41,3 m²",COM VAGA,"R$ 350.500,00",dezembro 2027
LAGUNA,1208,A,"40,4 m²",COM VAGA,"R$ 350.500,00",dezembro 2027
LAGUNA,1209,A,"40,4 m²",COM VAGA,"R$ 350.500,00",dezembro 2027
LAGUNA,1210,A,"40,4 m²",COM VAGA,"R$ 350.500,00",dezembro 2027
LAGUNA,1212,A,"41,12 m²",COM VAGA,"R$ 350.500,00",dezembro 2027
LAGUNA,1213,A,"41,12 m²",COM VAGA,"R$ 350.500,00",dezembro 2027
LAGUNA,1302,A,"41,12 m²",COM VAGA,"R$ 351.500,00",dezembro 2027
LAGUNA,1303,A,"40,4 m²",COM VAGA,"R$ 351.500,00",dezembro 2027
LAGUNA,1304,A,"40,4 m²",COM VAGA,"R$ 351.500,00",dezembro 2027
LAGUNA,1305,A,"40,4 m²",COM VAGA,"R$ 351.500,00",dezembro 2027
LAGUNA,1306,A,"40,4 m²",COM VAGA,"R$ 351.500,00",dezembro 2027
LAGUNA,1307,A,"41,3 m²",COM VAGA,"R$ 351.500,00",dezembro 2027
LAGUNA,1308,A,"40,4 m²",COM VAGA,"R$ 351.500,00",dezembro 2027
LAGUNA,1309,A,"40,4 m²",COM VAGA,"R$ 351.500,00",dezembro 2027
LAGUNA,1310,A,"40,4 m²",COM VAGA,"R$ 351.500,00",dezembro 2027
LAGUNA,1311,A,"40,4 m²",COM VAGA,"R$ 351.500,00",dezembro 2027
LAGUNA,1401,A,"41,12 m²",COM VAGA,"R$ 343.500,00",dezembro 2027
LAGUNA,1402,A,"41,12 m²",COM VAGA,"R$ 344.800,00",dezembro 2027
LAGUNA,1403,A,"40,4 m²",COM VAGA,"R$ 352.500,00",dezembro 2027
LAGUNA,1404,A,"40,4 m²",COM VAGA,"R$ 352.500,00",dezembro 2027
LAGUNA,1405,A,"40,4 m²",COM VAGA,"R$ 352.500,00",dezembro 2027
LAGUNA,1406,A,"40,4 m²",COM VAGA,"R$ 352.500,00",dezembro 2027
LAGUNA,1407,A,"41,3 m²",COM VAGA,"R$ 352.500,00",dezembro 2027
LAGUNA,1408,A,"40,4 m²",COM VAGA,"R$ 352.500,00",dezembro 2027
LAGUNA,1409,A,"40,4 m²",COM VAGA,"R$ 352.500,00",dezembro 2027
LAGUNA,1410,A,"40,4 m²",COM VAGA,"R$ 352.500,00",dezembro 2027
LAGUNA,1411,A,"40,4 m²",COM VAGA,"R$ 352.500,00",dezembro 2027
LAGUNA,1502,A,"41,12 m²",COM VAGA,"R$ 353.500,00",dezembro 2027
LAGUNA,1503,A,"40,4 m²",COM VAGA,"R$ 353.500,00",dezembro 2027
LAGUNA,1504,A,"40,4 m²",COM VAGA,"R$ 353.500,00",dezembro 2027
LAGUNA,1505,A,"40,4 m²",COM VAGA,"R$ 353.500,00",dezembro 2027
LAGUNA,1506,A,"40,4 m²",COM VAGA,"R$ 353.500,00",dezembro 2027
LAGUNA,1507,A,"41,3 m²",COM VAGA,"R$ 353.500,00",dezembro 2027
LAGUNA,1508,A,"40,4 m²",COM VAGA,"R$ 353.500,00",dezembro 2027
LAGUNA,1510,A,"40,4 m²",COM VAGA,"R$ 353.500,00",dezembro 2027
LAGUNA,1601,A,"41,12 m²",COM VAGA,"R$ 354.500,00",dezembro 2027
LAGUNA,1602,A,"41,12 m²",COM VAGA,"R$ 354.500,00",dezembro 2027
LAGUNA,1603,A,"40,4 m²",COM VAGA,"R$ 354.500,00",dezembro 2027
LAGUNA,1604,A,"40,4 m²",COM VAGA,"R$ 354.500,00",dezembro 2027
LAGUNA,1605,A,"40,4 m²",COM VAGA,"R$ 354.500,00",dezembro 2027
LAGUNA,1606,A,"40,4 m²",COM VAGA,"R$ 354.500,00",dezembro 2027
LAGUNA,1607,A,"41,3 m²",COM VAGA,"R$ 354.500,00",dezembro 2027
LAGUNA,1608,A,"40,4 m²",COM VAGA,"R$ 354.500,00",dezembro 2027
LAGUNA,1609,A,"40,4 m²",COM VAGA,"R$ 354.500,00",dezembro 2027
LAGUNA,1610,A,"40,4 m²",COM VAGA,"R$ 354.500,00",dezembro 2027
LAGUNA,1612,A,"41,12 m²",COM VAGA,"R$ 354.500,00",dezembro 2027
LAGUNA,1613,A,"41,12 m²",COM VAGA,"R$ 354.500,00",dezembro 2027
LAGUNA,1702,A,"41,12 m²",COM VAGA,"R$ 354.500,00",dezembro 2027
LAGUNA,1708,A,"40,4 m²",SEM VAGA,"R$ 354.500,00",dezembro 2027
LAGUNA,502,B,"41,12 m²",COM VAGA,"R$ 327.500,00",dezembro 2027
LAGUNA,610,B,"40,4 m²",COM VAGA,"R$ 327.500,00",dezembro 2027
LAGUNA,901,B,"41,12 m²",COM VAGA,"R$ 327.500,00",dezembro 2027
LAGUNA,911,B,"40,4 m²",COM VAGA,"R$ 327.500,00",dezembro 2027
LAGUNA,1004,B,"40,4 m²",COM VAGA,"R$ 327.500,00",dezembro 2027
LAGUNA,1010,B,"40,4 m²",COM VAGA,"R$ 327.500,00",dezembro 2027
LAGUNA,1108,B,"40,4 m²",COM VAGA,"R$ 329.500,00",dezembro 2027
LAGUNA,1204,B,"40,4 m²",COM VAGA,"R$ 330.500,00",dezembro 2027
LAGUNA,1206,B,"40,4 m²",COM VAGA,"R$ 330.500,00",dezembro 2027
LAGUNA,1210,B,"40,4 m²",COM VAGA,"R$ 330.500,00",dezembro 2027
LAGUNA,1212,B,"41,12 m²",COM VAGA,"R$ 330.500,00",dezembro 2027
LAGUNA,1306,B,"40,4 m²",COM VAGA,"R$ 331.500,00",dezembro 2027
LAGUNA,1310,B,"40,4 m²",COM VAGA,"R$ 331.500,00",dezembro 2027
LAGUNA,1511,B,"40,4 m²",COM VAGA,"R$ 332.500,00",dezembro 2027
LAGUNA,1609,B,"40,4 m²",COM VAGA,"R$ 333.500,00",dezembro 2027
LAGUNA,1707,B,"41,3 m²",SEM VAGA,"R$ 327.500,00",dezembro 2027
LAGUNA,203,C,"40,4 m²",COM VAGA,"R$ 327.500,00",junho 2028
LAGUNA,206,C,"40,4 m²",COM VAGA,"R$ 331.500,00",junho 2028
LAGUNA,308,C,"40,4 m²",COM VAGA,"R$ 332.500,00",junho 2028
LAGUNA,606,C,"40,4 m²",COM VAGA,"R$ 331.500,00",junho 2028
LAGUNA,608,C,"40,4 m²",COM VAGA,"R$ 331.500,00",junho 2028
LAGUNA,701,C,"41,12 m²",COM VAGA,"R$ 332.500,00",junho 2028
LAGUNA,704,C,"40,4 m²",COM VAGA,"R$ 332.500,00",junho 2028
LAGUNA,708,C,"40,4 m²",COM VAGA,"R$ 332.500,00",junho 2028
LAGUNA,710,C,"40,4 m²",COM VAGA,"R$ 332.500,00",junho 2028
LAGUNA,804,C,"40,4 m²",COM VAGA,"R$ 333.500,00",junho 2028
LAGUNA,806,C,"40,4 m²",COM VAGA,"R$ 333.500,00",junho 2028
LAGUNA,808,C,"40,4 m²",COM VAGA,"R$ 333.500,00",junho 2028
LAGUNA,901,C,"41,12 m²",COM VAGA,"R$ 334.500,00",junho 2028
LAGUNA,902,C,"41,12 m²",COM VAGA,"R$ 334.500,00",junho 2028
LAGUNA,903,C,"40,4 m²",COM VAGA,"R$ 334.500,00",junho 2028
LAGUNA,904,C,"40,4 m²",COM VAGA,"R$ 334.500,00",junho 2028
LAGUNA,905,C,"40,4 m²",COM VAGA,"R$ 334.500,00",junho 2028
LAGUNA,906,C,"40,4 m²",COM VAGA,"R$ 334.500,00",junho 2028
LAGUNA,907,C,"41,3 m²",COM VAGA,"R$ 334.500,00",junho 2028
LAGUNA,908,C,"40,4 m²",COM VAGA,"R$ 334.500,00",junho 2028
LAGUNA,910,C,"40,4 m²",COM VAGA,"R$ 334.500,00",junho 2028
LAGUNA,912,C,"41,12 m²",COM VAGA,"R$ 334.500,00",junho 2028
LAGUNA,1001,C,"41,12 m²",COM VAGA,"R$ 335.500,00",junho 2028
LAGUNA,1002,C,"41,12 m²",COM VAGA,"R$ 335.500,00",junho 2028
LAGUNA,1003,C,"40,4 m²",COM VAGA,"R$ 335.500,00",junho 2028
LAGUNA,1004,C,"40,4 m²",COM VAGA,"R$ 335.500,00",junho 2028
LAGUNA,1005,C,"40,4 m²",COM VAGA,"R$ 335.500,00",junho 2028
LAGUNA,1006,C,"40,4 m²",COM VAGA,"R$ 335.500,00",junho 2028
LAGUNA,1008,C,"40,4 m²",COM VAGA,"R$ 335.500,00",junho 2028
LAGUNA,1010,C,"40,4 m²",COM VAGA,"R$ 335.500,00",junho 2028
LAGUNA,1101,C,"41,12 m²",COM VAGA,"R$ 336.500,00",junho 2028
LAGUNA,1102,C,"41,12 m²",COM VAGA,"R$ 336.500,00",junho 2028
LAGUNA,1103,C,"40,4 m²",COM VAGA,"R$ 336.500,00",junho 2028
LAGUNA,1104,C,"40,4 m²",COM VAGA,"R$ 336.500,00",junho 2028
LAGUNA,1105,C,"40,4 m²",COM VAGA,"R$ 336.500,00",junho 2028
LAGUNA,1106,C,"40,4 m²",COM VAGA,"R$ 336.500,00",junho 2028
LAGUNA,1107,C,"41,3 m²",COM VAGA,"R$ 336.500,00",junho 2028
LAGUNA,1108,C,"40,4 m²",COM VAGA,"R$ 336.500,00",junho 2028
LAGUNA,1110,C,"40,4 m²",COM VAGA,"R$ 336.500,00",junho 2028
LAGUNA,1201,C,"41,12 m²",COM VAGA,"R$ 337.500,00",junho 2028
LAGUNA,1202,C,"41,12 m²",COM VAGA,"R$ 337.500,00",junho 2028
LAGUNA,1203,C,"40,4 m²",COM VAGA,"R$ 337.500,00",junho 2028
LAGUNA,1204,C,"40,4 m²",COM VAGA,"R$ 337.500,00",junho 2028
LAGUNA,1205,C,"40,4 m²",COM VAGA,"R$ 337.500,00",junho 2028
LAGUNA,1206,C,"40,4 m²",COM VAGA,"R$ 337.500,00",junho 2028
LAGUNA,1207,C,"41,3 m²",COM VAGA,"R$ 337.500,00",junho 2028
LAGUNA,1208,C,"40,4 m²",COM VAGA,"R$ 337.500,00",junho 2028
LAGUNA,1210,C,"40,4 m²",COM VAGA,"R$ 337.500,00",junho 2028
LAGUNA,1301,C,"41,12 m²",COM VAGA,"R$ 338.500,00",junho 2028
LAGUNA,1302,C,"41,12 m²",COM VAGA,"R$ 338.500,00",junho 2028
LAGUNA,1303,C,"40,4 m²",COM VAGA,"R$ 338.500,00",junho 2028
LAGUNA,1304,C,"40,4 m²",COM VAGA,"R$ 338.500,00",junho 2028
LAGUNA,1305,C,"40,4 m²",COM VAGA,"R$ 338.500,00",junho 2028
LAGUNA,1306,C,"40,4 m²",COM VAGA,"R$ 338.500,00",junho 2028
LAGUNA,1307,C,"41,3 m²",COM VAGA,"R$ 338.500,00",junho 2028
LAGUNA,1308,C,"40,4 m²",COM VAGA,"R$ 338.500,00",junho 2028
LAGUNA,1310,C,"40,4 m²",COM VAGA,"R$ 338.500,00",junho 2028
LAGUNA,1312,C,"41,12 m²",COM VAGA,"R$ 338.500,00",junho 2028
LAGUNA,1401,C,"41,12 m²",COM VAGA,"R$ 339.500,00",junho 2028
LAGUNA,1403,C,"40,4 m²",COM VAGA,"R$ 339.500,00",junho 2028
LAGUNA,1404,C,"40,4 m²",COM VAGA,"R$ 339.500,00",junho 2028
LAGUNA,1405,C,"40,4 m²",COM VAGA,"R$ 339.500,00",junho 2028
LAGUNA,1406,C,"40,4 m²",COM VAGA,"R$ 339.500,00",junho 2028
LAGUNA,1407,C,"41,3 m²",COM VAGA,"R$ 339.500,00",junho 2028
LAGUNA,1408,C,"40,4 m²",COM VAGA,"R$ 339.500,00",junho 2028
LAGUNA,1409,C,"40,4 m²",COM VAGA,"R$ 339.500,00",junho 2028
LAGUNA,1410,C,"40,4 m²",COM VAGA,"R$ 339.500,00",junho 2028
LAGUNA,1501,C,"41,12 m²",COM VAGA,"R$ 340.500,00",junho 2028
LAGUNA,1502,C,"41,12 m²",COM VAGA,"R$ 340.500,00",junho 2028
LAGUNA,1503,C,"40,4 m²",COM VAGA,"R$ 340.500,00",junho 2028
LAGUNA,1504,C,"40,4 m²",COM VAGA,"R$ 340.500,00",junho 2028
LAGUNA,1505,C,"40,4 m²",COM VAGA,"R$ 340.500,00",junho 2028
LAGUNA,1506,C,"40,4 m²",COM VAGA,"R$ 340.500,00",junho 2028
LAGUNA,1508,C,"40,4 m²",COM VAGA,"R$ 340.500,00",junho 2028
LAGUNA,1510,C,"40,4 m²",COM VAGA,"R$ 340.500,00",junho 2028
LAGUNA,1511,C,"40,4 m²",COM VAGA,"R$ 340.500,00",junho 2028
LAGUNA,1512,C,"41,12 m²",COM VAGA,"R$ 340.500,00",junho 2028
LAGUNA,1601,C,"41,12 m²",COM VAGA,"R$ 341.500,00",junho 2028
LAGUNA,1602,C,"41,12 m²",COM VAGA,"R$ 341.500,00",junho 2028
LAGUNA,1603,C,"40,4 m²",COM VAGA,"R$ 341.500,00",junho 2028
LAGUNA,1604,C,"40,4 m²",COM VAGA,"R$ 341.500,00",junho 2028
LAGUNA,1605,C,"40,4 m²",COM VAGA,"R$ 341.500,00",junho 2028
LAGUNA,1606,C,"40,4 m²",COM VAGA,"R$ 341.500,00",junho 2028
LAGUNA,1608,C,"40,4 m²",COM VAGA,"R$ 341.500,00",junho 2028
LAGUNA,1609,C,"40,4 m²",COM VAGA,"R$ 341.500,00",junho 2028
LAGUNA,1610,C,"40,4 m²",COM VAGA,"R$ 341.500,00",junho 2028
LAGUNA,1701,C,"41,12 m²",COM VAGA,"R$ 341.500,00",junho 2028
LAGUNA,1702,C,"41,12 m²",COM VAGA,"R$ 341.500,00",junho 2028
LAGUNA,1712,C,"41,12 m²",COM VAGA,"R$ 341.500,00",junho 2028
LAGUNA,306,D,"40,4 m²",COM VAGA,"R$ 334.500,00",junho 2028
LAGUNA,604,D,"40,4 m²",COM VAGA,"R$ 337.500,00",junho 2028
LAGUNA,606,D,"40,4 m²",COM VAGA,"R$ 337.500,00",junho 2028
LAGUNA,608,D,"40,4 m²",COM VAGA,"R$ 337.500,00",junho 2028
LAGUNA,704,D,"40,4 m²",COM VAGA,"R$ 338.500,00",junho 2028
LAGUNA,706,D,"40,4 m²",COM VAGA,"R$ 338.500,00",junho 2028
LAGUNA,708,D,"40,4 m²",COM VAGA,"R$ 339.500,00",junho 2028
LAGUNA,808,D,"40,4 m²",COM VAGA,"R$ 340.500,00",junho 2028
LAGUNA,902,D,"41,12 m²",COM VAGA,"R$ 341.500,00",junho 2028
LAGUNA,903,D,"40,4 m²",COM VAGA,"R$ 341.500,00",junho 2028
LAGUNA,904,D,"40,4 m²",COM VAGA,"R$ 341.500,00",junho 2028
LAGUNA,905,D,"40,4 m²",COM VAGA,"R$ 341.500,00",junho 2028
LAGUNA,906,D,"40,4 m²",COM VAGA,"R$ 341.500,00",junho 2028
LAGUNA,907,D,"41,3 m²",COM VAGA,"R$ 341.500,00",junho 2028
LAGUNA,908,D,"40,4 m²",COM VAGA,"R$ 341.500,00",junho 2028
LAGUNA,909,D,"40,4 m²",COM VAGA,"R$ 341.500,00",junho 2028
LAGUNA,910,D,"41,12 m²",COM VAGA,"R$ 341.500,00",junho 2028
LAGUNA,1003,D,"40,4 m²",COM VAGA,"R$ 342.500,00",junho 2028
LAGUNA,1004,D,"40,4 m²",COM VAGA,"R$ 342.500,00",junho 2028
LAGUNA,1005,D,"40,4 m²",COM VAGA,"R$ 342.500,00",junho 2028
LAGUNA,1006,D,"40,4 m²",COM VAGA,"R$ 342.500,00",junho 2028
LAGUNA,1007,D,"41,3 m²",COM VAGA,"R$ 342.500,00",junho 2028
LAGUNA,1008,D,"40,4 m²",COM VAGA,"R$ 342.500,00",junho 2028
LAGUNA,1009,D,"40,4 m²",COM VAGA,"R$ 342.500,00",junho 2028
LAGUNA,1010,D,"41,12 m²",COM VAGA,"R$ 342.500,00",junho 2028
LAGUNA,1101,D,"41,12 m²",COM VAGA,"R$ 343.500,00",junho 2028
LAGUNA,1102,D,"41,12 m²",COM VAGA,"R$ 343.500,00",junho 2028
LAGUNA,1103,D,"40,4 m²",COM VAGA,"R$ 343.500,00",junho 2028
LAGUNA,1104,D,"40,4 m²",COM VAGA,"R$ 343.500,00",junho 2028
LAGUNA,1105,D,"40,4 m²",COM VAGA,"R$ 343.500,00",junho 2028
LAGUNA,1106,D,"40,4 m²",COM VAGA,"R$ 343.500,00",junho 2028
LAGUNA,1107,D,"41,3 m²",COM VAGA,"R$ 343.500,00",junho 2028
LAGUNA,1108,D,"40,4 m²",COM VAGA,"R$ 343.500,00",junho 2028
LAGUNA,1109,D,"40,4 m²",COM VAGA,"R$ 343.500,00",junho 2028
LAGUNA,1110,D,"41,12 m²",COM VAGA,"R$ 343.500,00",junho 2028
LAGUNA,1111,D,"41,12 m²",COM VAGA,"R$ 343.500,00",junho 2028
LAGUNA,1201,D,"41,12 m²",COM VAGA,"R$ 344.500,00",junho 2028
LAGUNA,1202,D,"41,12 m²",COM VAGA,"R$ 344.500,00",junho 2028
LAGUNA,1203,D,"40,4 m²",COM VAGA,"R$ 344.500,00",junho 2028
LAGUNA,1204,D,"40,4 m²",COM VAGA,"R$ 344.500,00",junho 2028
LAGUNA,1205,D,"40,4 m²",COM VAGA,"R$ 344.500,00",junho 2028
LAGUNA,1206,D,"40,4 m²",COM VAGA,"R$ 344.500,00",junho 2028
LAGUNA,1207,D,"41,3 m²",COM VAGA,"R$ 344.500,00",junho 2028
LAGUNA,1208,D,"40,4 m²",COM VAGA,"R$ 344.500,00",junho 2028
LAGUNA,1209,D,"40,4 m²",COM VAGA,"R$ 344.500,00",junho 2028
LAGUNA,1211,D,"41,12 m²",COM VAGA,"R$ 344.500,00",junho 2028
LAGUNA,1301,D,"41,12 m²",COM VAGA,"R$ 345.500,00",junho 2028
LAGUNA,1302,D,"41,12 m²",COM VAGA,"R$ 345.500,00",junho 2028
LAGUNA,1303,D,"40,4 m²",COM VAGA,"R$ 345.500,00",junho 2028
LAGUNA,1304,D,"40,4 m²",COM VAGA,"R$ 345.500,00",junho 2028
LAGUNA,1305,D,"40,4 m²",COM VAGA,"R$ 345.500,00",junho 2028
LAGUNA,1306,D,"40,4 m²",COM VAGA,"R$ 345.500,00",junho 2028
LAGUNA,1307,D,"41,3 m²",COM VAGA,"R$ 345.500,00",junho 2028
LAGUNA,1308,D,"40,4 m²",COM VAGA,"R$ 345.500,00",junho 2028
LAGUNA,1309,D,"40,4 m²",COM VAGA,"R$ 345.500,00",junho 2028
LAGUNA,1310,D,"41,12 m²",COM VAGA,"R$ 345.500,00",junho 2028
LAGUNA,1311,D,"41,12 m²",COM VAGA,"R$ 345.500,00",junho 2028
LAGUNA,1401,D,"41,12 m²",COM VAGA,"R$ 346.500,00",junho 2028
LAGUNA,1402,D,"41,12 m²",COM VAGA,"R$ 346.500,00",junho 2028
LAGUNA,1404,D,"40,4 m²",COM VAGA,"R$ 346.500,00",junho 2028
LAGUNA,1406,D,"40,4 m²",COM VAGA,"R$ 346.500,00",junho 2028
LAGUNA,1407,D,"41,3 m²",COM VAGA,"R$ 346.500,00",junho 2028
LAGUNA,1408,D,"40,4 m²",COM VAGA,"R$ 346.500,00",junho 2028
LAGUNA,1409,D,"40,4 m²",COM VAGA,"R$ 346.500,00",junho 2028
LAGUNA,1410,D,"41,12 m²",COM VAGA,"R$ 346.500,00",junho 2028
LAGUNA,1501,D,"41,12 m²",COM VAGA,"R$ 347.500,00",junho 2028
LAGUNA,1502,D,"41,12 m²",COM VAGA,"R$ 347.500,00",junho 2028
LAGUNA,1503,D,"40,4 m²",COM VAGA,"R$ 347.500,00",junho 2028
LAGUNA,1504,D,"40,4 m²",COM VAGA,"R$ 347.500,00",junho 2028
LAGUNA,1505,D,"40,4 m²",COM VAGA,"R$ 347.500,00",junho 2028
LAGUNA,1506,D,"40,4 m²",COM VAGA,"R$ 347.500,00",junho 2028
LAGUNA,1508,D,"40,4 m²",COM VAGA,"R$ 347.500,00",junho 2028
LAGUNA,1509,D,"40,4 m²",COM VAGA,"R$ 347.500,00",junho 2028
LAGUNA,1510,D,"41,12 m²",COM VAGA,"R$ 347.500,00",junho 2028
LAGUNA,1601,D,"41,12 m²",COM VAGA,"R$ 347.500,00",junho 2028
LAGUNA,1602,D,"41,12 m²",COM VAGA,"R$ 348.500,00",junho 2028
LAGUNA,1603,D,"40,4 m²",COM VAGA,"R$ 348.500,00",junho 2028
LAGUNA,1604,D,"40,4 m²",COM VAGA,"R$ 348.500,00",junho 2028
LAGUNA,1605,D,"40,4 m²",COM VAGA,"R$ 348.500,00",julho 2028
LAGUNA,1606,D,"40,4 m²",COM VAGA,"R$ 348.500,00",junho 2028
LAGUNA,1607,D,"41,3 m²",COM VAGA,"R$ 348.500,00",junho 2028
LAGUNA,1608,D,"40,4 m²",COM VAGA,"R$ 348.500,00",junho 2028
LAGUNA,1609,D,"40,4 m²",COM VAGA,"R$ 348.500,00",junho 2028
LAGUNA,1610,D,"41,12 m²",COM VAGA,"R$ 348.500,00",junho 2028
LAGUNA,1611,D,"41,12 m²",COM VAGA,"R$ 348.500,00",junho 2028
LAGUNA,1702,D,"41,12 m²",COM VAGA,"R$ 348.500,00",junho 2028
LAGUNA,1709,D,"40,4 m²",SEM VAGA,"R$ 327.500,00",junho 2028
VILLA SÃO FRANCISCO 2,8,,43 m²,COM VAGA,"R$ 351.300,00",abril 2026
RESIDENCE TOWER,201,,"40,77 m²",COM VAGA,"R$ 455.700,00",maio 2029
RESIDENCE TOWER,202,,"40,77 m²",COM VAGA,"R$ 455.700,00",maio 2029
RESIDENCE TOWER,203,,"40,12 m²",SEM VAGA,"R$ 419.200,00",maio 2029
RESIDENCE TOWER,204,,"40,12 m²",SEM VAGA,"R$ 419.200,00",maio 2029
RESIDENCE TOWER,205,,"40,12 m²",SEM VAGA,"R$ 419.200,00",maio 2029
RESIDENCE TOWER,206,,"40,12 m²",SEM VAGA,"R$ 419.200,00",maio 2029
RESIDENCE TOWER,208,,"40,12 m²",SEM VAGA,"R$ 419.200,00",maio 2029
RESIDENCE TOWER,209,,"40,12 m²",SEM VAGA,"R$ 419.200,00",maio 2029
RESIDENCE TOWER,210,,"40,12 m²",SEM VAGA,"R$ 419.200,00",maio 2029
RESIDENCE TOWER,211,,"40,12 m²",SEM VAGA,"R$ 419.200,00",maio 2029
RESIDENCE TOWER,212,,"40,77 m²",COM VAGA,"R$ 455.700,00",maio 2029
RESIDENCE TOWER,301,,"40,77 m²",COM VAGA,"R$ 456.200,00",maio 2029
RESIDENCE TOWER,302,,"40,77 m²",COM VAGA,"R$ 456.200,00",maio 2029
RESIDENCE TOWER,303,,"40,12 m²",SEM VAGA,"R$ 419.700,00",maio 2029
RESIDENCE TOWER,304,,"40,12 m²",SEM VAGA,"R$ 419.700,00",maio 2029
RESIDENCE TOWER,305,,"40,12 m²",SEM VAGA,"R$ 419.700,00",maio 2029
RESIDENCE TOWER,306,,"40,12 m²",SEM VAGA,"R$ 419.700,00",maio 2029
RESIDENCE TOWER,308,,"40,12 m²",SEM VAGA,"R$ 419.700,00",maio 2029
RESIDENCE TOWER,309,,"40,12 m²",SEM VAGA,"R$ 419.700,00",maio 2029
RESIDENCE TOWER,310,,"40,12 m²",SEM VAGA,"R$ 419.700,00",maio 2029
RESIDENCE TOWER,312,,"40,77 m²",COM VAGA,"R$ 456.200,00",maio 2029
RESIDENCE TOWER,401,,"40,77 m²",COM VAGA,"R$ 456.700,00",maio 2029
RESIDENCE TOWER,402,,"40,77 m²",COM VAGA,"R$ 456.700,00",maio 2029
RESIDENCE TOWER,403,,"40,12 m²",SEM VAGA,"R$ 420.200,00",maio 2029
RESIDENCE TOWER,404,,"40,12 m²",SEM VAGA,"R$ 420.200,00",maio 2029
RESIDENCE TOWER,405,,"40,12 m²",SEM VAGA,"R$ 420.200,00",maio 2029
RESIDENCE TOWER,406,,"40,12 m²",SEM VAGA,"R$ 420.200,00",maio 2029
RESIDENCE TOWER,408,,"40,12 m²",SEM VAGA,"R$ 420.200,00",maio 2029
RESIDENCE TOWER,409,,"40,12 m²",SEM VAGA,"R$ 420.200,00",maio 2029
RESIDENCE TOWER,410,,"40,12 m²",SEM VAGA,"R$ 420.200,00",maio 2029
RESIDENCE TOWER,411,,"40,12 m²",SEM VAGA,"R$ 420.200,00",maio 2029
RESIDENCE TOWER,502,,"40,77 m²",COM VAGA,"R$ 457.200,00",maio 2029
RESIDENCE TOWER,503,,"40,12 m²",SEM VAGA,"R$ 420.700,00",maio 2029
RESIDENCE TOWER,504,,"40,12 m²",SEM VAGA,"R$ 420.700,00",maio 2029
RESIDENCE TOWER,505,,"40,12 m²",SEM VAGA,"R$ 420.700,00",maio 2029
RESIDENCE TOWER,506,,"40,12 m²",SEM VAGA,"R$ 420.700,00",maio 2029
RESIDENCE TOWER,508,,"40,12 m²",SEM VAGA,"R$ 420.700,00",maio 2029
RESIDENCE TOWER,509,,"40,12 m²",SEM VAGA,"R$ 420.700,00",maio 2029
RESIDENCE TOWER,510,,"40,12 m²",SEM VAGA,"R$ 420.700,00",maio 2029
RESIDENCE TOWER,602,,"40,77 m²",COM VAGA,"R$ 457.700,00",maio 2029
RESIDENCE TOWER,603,,"40,12 m²",SEM VAGA,"R$ 421.200,00",maio 2029
RESIDENCE TOWER,604,,"40,12 m²",COM VAGA,"R$ 451.200,00",maio 2029
RESIDENCE TOWER,605,,"40,12 m²",COM VAGA,"R$ 451.200,00",maio 2029
RESIDENCE TOWER,606,,"40,12 m²",COM VAGA,"R$ 451.200,00",maio 2029
RESIDENCE TOWER,608,,"40,12 m²",COM VAGA,"R$ 451.200,00",maio 2029
RESIDENCE TOWER,609,,"40,12 m²",COM VAGA,"R$ 451.200,00",maio 2029
RESIDENCE TOWER,610,,"40,12 m²",COM VAGA,"R$ 451.200,00",maio 2029
RESIDENCE TOWER,701,,"40,77 m²",COM VAGA,"R$ 458.200,00",maio 2029
RESIDENCE TOWER,702,,"40,77 m²",COM VAGA,"R$ 458.200,00",maio 2029
RESIDENCE TOWER,703,,"40,12 m²",COM VAGA,"R$ 451.700,00",maio 2029
RESIDENCE TOWER,704,,"40,12 m²",COM VAGA,"R$ 451.700,00",maio 2029
RESIDENCE TOWER,705,,"40,12 m²",COM VAGA,"R$ 451.700,00",maio 2029
RESIDENCE TOWER,706,,"40,12 m²",COM VAGA,"R$ 451.700,00",maio 2029
RESIDENCE TOWER,708,,"40,12 m²",COM VAGA,"R$ 451.700,00",maio 2029
RESIDENCE TOWER,709,,"40,12 m²",COM VAGA,"R$ 451.700,00",maio 2029
RESIDENCE TOWER,710,,"40,12 m²",COM VAGA,"R$ 451.700,00",maio 2029
RESIDENCE TOWER,711,,"40,12 m²",COM VAGA,"R$ 451.700,00",maio 2029
RESIDENCE TOWER,802,,"40,77 m²",COM VAGA,"R$ 458.700,00",maio 2029
RESIDENCE TOWER,804,,"40,12 m²",COM VAGA,"R$ 452.200,00",maio 2029
RESIDENCE TOWER,805,,"40,12 m²",COM VAGA,"R$ 452.200,00",maio 2029
RESIDENCE TOWER,806,,"40,12 m²",COM VAGA,"R$ 452.200,00",maio 2029
RESIDENCE TOWER,808,,"40,12 m²",COM VAGA,"R$ 452.200,00",maio 2029
RESIDENCE TOWER,809,,"40,12 m²",COM VAGA,"R$ 452.200,00",maio 2029
RESIDENCE TOWER,810,,"40,12 m²",COM VAGA,"R$ 452.200,00",maio 2029
RESIDENCE TOWER,811,,"40,12 m²",COM VAGA,"R$ 452.200,00",maio 2029
RESIDENCE TOWER,812,,"40,77 m²",COM VAGA,"R$ 458.700,00",maio 2029
RESIDENCE TOWER,902,,"40,77 m²",COM VAGA,"R$ 459.200,00",maio 2029
RESIDENCE TOWER,904,,"40,12 m²",COM VAGA,"R$ 452.700,00",maio 2029
RESIDENCE TOWER,905,,"40,12 m²",COM VAGA,"R$ 452.700,00",maio 2029
RESIDENCE TOWER,906,,"40,12 m²",COM VAGA,"R$ 452.700,00",maio 2029
RESIDENCE TOWER,908,,"40,12 m²",COM VAGA,"R$ 452.700,00",maio 2029
RESIDENCE TOWER,909,,"40,12 m²",COM VAGA,"R$ 452.700,00",maio 2029
RESIDENCE TOWER,910,,"40,12 m²",COM VAGA,"R$ 452.700,00",maio 2029
RESIDENCE TOWER,911,,"40,12 m²",COM VAGA,"R$ 452.700,00",maio 2029
RESIDENCE TOWER,912,,"40,77 m²",COM VAGA,"R$ 459.200,00",maio 2029
RESIDENCE TOWER,1002,,"40,77 m²",COM VAGA,"R$ 459.700,00",maio 2029
RESIDENCE TOWER,1003,,"40,12 m²",COM VAGA,"R$ 453.200,00",maio 2029
RESIDENCE TOWER,1004,,"40,12 m²",COM VAGA,"R$ 453.200,00",maio 2029
RESIDENCE TOWER,1005,,"40,12 m²",COM VAGA,"R$ 453.200,00",maio 2029
RESIDENCE TOWER,1006,,"40,12 m²",COM VAGA,"R$ 453.200,00",maio 2029
RESIDENCE TOWER,1008,,"40,12 m²",COM VAGA,"R$ 453.200,00",maio 2029
RESIDENCE TOWER,1009,,"40,12 m²",COM VAGA,"R$ 453.200,00",maio 2029
RESIDENCE TOWER,1012,,"40,77 m²",COM VAGA,"R$ 459.700,00",maio 2029
RESIDENCE TOWER,1102,,"40,77 m²",COM VAGA,"R$ 460.200,00",maio 2029
RESIDENCE TOWER,1103,,"40,12 m²",COM VAGA,"R$ 453.700,00",maio 2029
RESIDENCE TOWER,1104,,"40,12 m²",COM VAGA,"R$ 453.700,00",maio 2029
RESIDENCE TOWER,1105,,"40,12 m²",COM VAGA,"R$ 453.700,00",maio 2029
RESIDENCE TOWER,1106,,"40,12 m²",COM VAGA,"R$ 453.700,00",maio 2029
RESIDENCE TOWER,1108,,"40,12 m²",COM VAGA,"R$ 453.700,00",maio 2029
RESIDENCE TOWER,1109,,"40,12 m²",COM VAGA,"R$ 453.700,00",maio 2029
RESIDENCE TOWER,1110,,"40,12 m²",COM VAGA,"R$ 453.700,00",maio 2029
RESIDENCE TOWER,1111,,"40,12 m²",COM VAGA,"R$ 453.700,00",maio 2029
RESIDENCE TOWER,1202,,"40,77 m²",COM VAGA,"R$ 460.700,00",maio 2029
RESIDENCE TOWER,1203,,"40,12 m²",COM VAGA,"R$ 454.200,00",maio 2029
RESIDENCE TOWER,1204,,"40,12 m²",COM VAGA,"R$ 454.200,00",maio 2029
RESIDENCE TOWER,1205,,"40,12 m²",COM VAGA,"R$ 454.200,00",maio 2029
RESIDENCE TOWER,1206,,"40,12 m²",COM VAGA,"R$ 454.200,00",maio 2029
RESIDENCE TOWER,1208,,"40,12 m²",COM VAGA,"R$ 454.200,00",maio 2029
RESIDENCE TOWER,1209,,"40,12 m²",COM VAGA,"R$ 454.200,00",maio 2029
RESIDENCE TOWER,1210,,"40,12 m²",COM VAGA,"R$ 454.200,00",maio 2029
RESIDENCE TOWER,1211,,"40,12 m²",COM VAGA,"R$ 454.200,00",maio 2029
RESIDENCE TOWER,1302,,"40,77 m²",COM VAGA,"R$ 461.200,00",maio 2029
RESIDENCE TOWER,1303,,"40,12 m²",COM VAGA,"R$ 461.200,00",maio 2029
RESIDENCE TOWER,1304,,"40,12 m²",COM VAGA,"R$ 454.700,00",maio 2029
RESIDENCE TOWER,1305,,"40,12 m²",COM VAGA,"R$ 454.700,00",maio 2029
RESIDENCE TOWER,1306,,"40,12 m²",COM VAGA,"R$ 454.700,00",maio 2029
RESIDENCE TOWER,1308,,"40,12 m²",COM VAGA,"R$ 454.700,00",maio 2029
RESIDENCE TOWER,1309,,"40,12 m²",COM VAGA,"R$ 454.700,00",maio 2029
RESIDENCE TOWER,1310,,"40,12 m²",COM VAGA,"R$ 454.700,00",maio 2029
RESIDENCE TOWER,1311,,"40,12 m²",COM VAGA,"R$ 454.700,00",maio 2029
RESIDENCE TOWER,1402,,"40,77 m²",COM VAGA,"R$ 460.700,00",maio 2029
RESIDENCE TOWER,1403,,"40,12 m²",COM VAGA,"R$ 460.700,00",maio 2029
RESIDENCE TOWER,1404,,"40,12 m²",COM VAGA,"R$ 454.200,00",maio 2029
RESIDENCE TOWER,1405,,"40,12 m²",COM VAGA,"R$ 454.200,00",maio 2029
RESIDENCE TOWER,1406,,"40,12 m²",COM VAGA,"R$ 454.200,00",maio 2029
RESIDENCE TOWER,1408,,"40,12 m²",COM VAGA,"R$ 454.200,00",maio 2029
RESIDENCE TOWER,1409,,"40,12 m²",COM VAGA,"R$ 454.200,00",maio 2029
RESIDENCE TOWER,1410,,"40,12 m²",COM VAGA,"R$ 454.200,00",maio 2029
RESIDENCE TOWER,1411,,"40,12 m²",COM VAGA,"R$ 454.200,00",maio 2029
RESIDENCE TOWER,1502,,"40,77 m²",COM VAGA,"R$ 461.200,00",maio 2029
RESIDENCE TOWER,1503,,"40,12 m²",COM VAGA,"R$ 454.700,00",maio 2029
RESIDENCE TOWER,1504,,"40,12 m²",COM VAGA,"R$ 454.700,00",maio 2029
RESIDENCE TOWER,1505,,"40,12 m²",COM VAGA,"R$ 454.700,00",maio 2029
RESIDENCE TOWER,1506,,"40,12 m²",COM VAGA,"R$ 454.700,00",maio 2029
RESIDENCE TOWER,1508,,"40,12 m²",COM VAGA,"R$ 454.700,00",maio 2029
RESIDENCE TOWER,1509,,"40,12 m²",COM VAGA,"R$ 454.700,00",maio 2029
RESIDENCE TOWER,1510,,"40,12 m²",COM VAGA,"R$ 454.700,00",maio 2029
RESIDENCE TOWER,1603,,"40,12 m²",COM VAGA,"R$ 455.200,00",maio 2029
RESIDENCE TOWER,1604,,"40,12 m²",COM VAGA,"R$ 455.200,00",maio 2029
RESIDENCE TOWER,1605,,"40,12 m²",COM VAGA,"R$ 455.200,00",maio 2029
RESIDENCE TOWER,1606,,"40,12 m²",COM VAGA,"R$ 455.200,00",maio 2029
RESIDENCE TOWER,1608,,"40,12 m²",COM VAGA,"R$ 455.200,00",maio 2029
RESIDENCE TOWER,1610,,"40,12 m²",COM VAGA,"R$ 455.200,00",maio 2029